year,award,outcome,title,author,published
2017,Best Novel,1,The Obelisk Gate,N. K. Jemisin,Orbit Books
2017,Best Novel,2,All the Birds in the Sky,Charlie Jane Anders,Tor Books / Titan Books
2017,Best Novel,3,Ninefox Gambit,Yoon Ha Lee,Solaris Books
2017,Best Novel,4,A Closed and Common Orbit,Becky Chambers,Hodder & Stoughton / Harper Voyager US
2017,Best Novel,5,Too Like the Lightning,Ada Palmer,Tor Books
2017,Best Novel,6,Death’s End,Ken Liu,Tor Books / Head of Zeus
2017,Best Novella,1,Every Heart a Doorway,Seanan Mcguire,Tor.com publishing
2017,Best Novella,2,The Dream-Quest of Vellitt Boe,Kij Johnson,Tor.com publishing
2017,Best Novella,3,Penric and the Shaman,Lois Mcmaster Bujold,Spectrum Literary Agency
2017,Best Novella,4,The Ballad of Black Tom,Victor Lavalle,Tor.com publishing
2017,Best Novella,5,A Taste of Honey,Kai Ashante Wilson,Tor.com publishing
2017,Best Novella,6,This Census-Taker,China Miéville,Del Rey / Picador
2017,Best Novelette,1,“The Tomato Thief”,Ursula Vernon,"Apex Magazine, January 2016"
2017,Best Novelette,2,“You’ll Surely Drown Here If You Stay”,Alyssa Wong,"Uncanny Magazine, May 2016"
2017,Best Novelette,3,“Touring with the Alien”,Carolyn Ives Gilman,"Clarkesworld Magazine, April 2016"
2017,Best Novelette,4,“The Jewel and Her Lapidary”,Fran Wilde,"Tor.com publishing, May 2016"
2017,Best Novelette,5,“The Art of Space Travel”,Nina Allan,"Tor.com , July 2016"
2017,Best Novelette,6,No Award,None,None
2017,Best Novelette,7,Alien Stripper Boned From Behind By The T-Rex,Stix Hiscock,self-published
2017,Best Short Story,1,“Seasons of Glass and Iron”,Amal El-Mohtar,"The Starlit Wood: New Fairy Tales, Saga Press"
2017,Best Short Story,2,“The City Born Great”,N. K. Jemisin,"Tor.com, September 2016"
2017,Best Short Story,3,“That Game We Played During the War”,Carrie Vaughn,"Tor.com, March 2016"
2017,Best Short Story,4,“A Fist of Permutations in Lightning and Wildflowers”,Alyssa Wong,"Tor.com, March 2016"
2017,Best Short Story,5,“Our Talons Can Crush Galaxies”,Brooke Bolander,"Uncanny Magazine, November 2016"
2017,Best Short Story,6,No Award,None,None
2017,Best Short Story,7,“An Unimaginable Light”,John C. Wright,"God, Robot, Castalia House"
2016,Best Novel,1,The Fifth Season,N. K. Jemisin,Orbit
2016,Best Novel,2,Uprooted,Naomi Novik,Del Rey
2016,Best Novel,3,Ancillary Mercy,Ann Leckie,Orbit
2016,Best Novel,4,Seveneves: A Novel,Neal Stephenson,William Morrow
2016,Best Novel,5,The Cinder Spires: The Aeronaut’s Windlass,Jim Butcher,Roc
2016,Best Novella,1,Binti,Nnedi Okorafor,Tor.com
2016,Best Novella,2,Penric’s Demon,Lois Mcmaster Bujold,Spectrum
2016,Best Novella,3,Slow Bullets,Alastair Reynolds,Tachyon
2016,Best Novella,4,Perfect State,Brandon Sanderson,Dragonsteel Entertainment
2016,Best Novella,5,The Builders,Daniel Polansky,Tor.com
2016,Best Novelette,1,“Folding Beijing”,"Hao Jingfang, Trans. Ken Liu","Uncanny Magazine, Jan-Feb 2015"
2016,Best Novelette,2,“And You Shall Know Her,Brooke Bolander,"Lightspeed, Feb 2015"
2016,Best Novelette,3,“Obits”,Stephen King,"The Bazaar of Bad Dreams, Scribner"
2016,Best Novelette,4,No Award,None,None
2016,Best Novelette,5,“What Price Humanity?”,David Vandyke,"There Will Be War Volume X, Castalia House"
2016,Best Novelette,6,“Flashpoint: Titan”,Cheah Kai Wai,"There Will Be War Volume X, Castalia House"
2016,Best Short Story,1,“Cat Pictures Please”,Naomi Kritzer,"Clarkesworld, January 2015"
2016,Best Short Story,2,No Award,None,None
2016,Best Short Story,3,Space Raptor Butt Invasion,Chuck Tingle,Amazon Digital Services
2016,Best Short Story,4,“Asymmetrical Warfare”,S. R. Algernon,"Nature, Mar 2015"
2016,Best Short Story,5,“Seven Kill Tiger”,Charles Shao,"There Will Be War Volume X, Castalia House"
2016,Best Short Story,6,"“If You Were an Award, My Love”",Juan Tabo And S. Harris,"voxday.blogspot.com, Jun 2015"
2015,Best Novel,1,The Three Body Problem,Ken Liu Translator,Tor Books
2015,Best Novel,2,The Goblin Emperor,Katherine Addison (Sarah Monette),Tor Books
2015,Best Novel,3,Ancillary Sword,Ann Leckie,Orbit US/Orbit UK
2015,Best Novel,4,No Award,None,None
2015,Best Novel,5,Skin Game,Jim Butcher,Orbit UK/Roc Books
2015,Best Novel,6,The Dark Between the Stars,Kevin J. Anderson,Tor Books
2015,Best Novella,1,No Award,None,None
2015,Best Novella,2,“Flow”,Sr. ,"Analog, 11-2014"
2015,Best Novella,3,Big Boys Don’t Cry,Tom Kratman,Castalia House
2015,Best Novella,4,One Bright Star to Guide Them,John C. Wright,Castalia House
2015,Best Novella,5,“The Plural of Helen of Troy”,John C. Wright,"City Beyond Time: Tales of the Fall of Metachronopolis, Castalia House"
2015,Best Novella,6,“Pale Realms of Shade”,John C. Wright,"The Book of Feasts & Seasons, Castalia House"
2015,Best Novelette,1,“The Day the World Turned Upside Down”,Lia Belt Translator,"Lightspeed, 04-2014"
2015,Best Novelette,2,No Award,None,None
2015,Best Novelette,3,“The Triple Sun: A Golden Age Tale”,Rajnar Vajra,"Analog, 07/08-2014"
2015,Best Novelette,4,“Ashes to Ashes,Gray Rinehart,"Orson Scott Card’s InterGalactic Medicine Show, 05-2014"
2015,Best Novelette,5,“The Journeyman: In the Stone House”,Michael F. Flynn,"Analog, 06-2014"
2015,Best Novelette,6,“Championship B’tok”,Edward M. Lerner,"Analog, 09-2014"
2015,Best Short Story,1,No Award,None,None
2015,Best Short Story,2,“Totaled”,Kary English,"Galaxy’s Edge Magazine, 07-2014"
2015,Best Short Story,3,“A Single Samurai”,Steven Diamond,"The Baen Big Book of Monsters, Baen Books"
2015,Best Short Story,4,“Turncoat”,Steve Rzasa,"Riding the Red Horse, Castalia House"
2015,Best Short Story,5,“On A Spiritual Plain”,Lou Antonelli,"Sci Phi Journal #2, 11-2014"
2015,Best Short Story,6,“The Parliament of Beasts and Birds”,John C. Wright,"The Book of Feasts & Seasons, Castalia House"
2014,Best Novel,1,Ancillary Justice,Ann Leckie,Orbit US/Orbit UK
2014,Best Novel,2,Neptune’s Brood,Charles Stross,Ace / Orbit UK
2014,Best Novel,3,Parasite,Mira Grant,Orbit US/Orbit UK
2014,Best Novel,4,The Wheel of Time,Robert Jordan And Brandon Sanderson,Tor Books / Orbit UK
2014,Best Novel,5,Warbound,Larry Correia,Baen Books
2014,Best Novella,1,“Equoid”,Charles Stross,"Tor.com, 09-2013"
2014,Best Novella,2,Six-Gun Snow White,Catherynne M. Valente,Subterranean Press
2014,Best Novella,3,“Wakulla Springs”,Andy Duncan And Ellen Klages,"Tor.com, 10-2013"
2014,Best Novella,4,“The Chaplain’s Legacy”,Brad Torgersen,"Analog, Jul-Aug 2013"
2014,Best Novella,5,The Butcher of Khardov,Dan Wells,Privateer Press
2014,Best Novelette,1,“The Lady Astronaut of Mars”,Mary Robinette Kowal,"maryrobinettekowal.com/Tor.com, 09-2013"
2014,Best Novelette,2,“The Truth of Fact,Ted Chiang,"Subterranean, Fall 2013"
2014,Best Novelette,3,“The Waiting Stars”,Aliette De Bodard,"The Other Half of the Sky, Candlemark & Gleam"
2014,Best Novelette,4,“The Exchange Officers”,Brad Torgersen,"Analog, Jan-Feb 2013"
2014,Best Novelette,5,“Opera Vita Aeterna”,Vox Day,"The Last Witchking, Marcher Lord Hinterlands"
2014,Best Short Story,1,“The Water That Falls on You from Nowhere”,John Chu,"Tor.com, 02-2013"
2014,Best Short Story,2,“Selkie Stories Are for Losers”,Sofia Samatar,"Strange Horizons, Jan-2013"
2014,Best Short Story,3,“If You Were a Dinosaur,Rachel Swirsky,"Apex Magazine, Mar-2013"
2014,Best Short Story,4,“The Ink Readers of Doi Saket”,Thomas Olde Heuvelt,"Tor.com, 04-2013"
2013,Best Novel,1,Redshirts: A Novel with Three Codas,John Scalzi,Tor
2013,Best Novel,2,Captain Vorpatril’s Alliance,Lois Mcmaster Bujold,Baen
2013,Best Novel,3,2312,Kim Stanley Robinson,Orbit
2013,Best Novel,4,Throne of the Crescent Moon,Saladin Ahmed,DAW
2013,Best Novel,5,Blackout,Mira Grant,Orbit
2013,Best Novella,1,The Emperor’s Soul,Brandon Sanderson (Tachyon Publications) ,no publishing information available
2013,Best Novella,2,After the Fall,Nancy Kress,Tachyon Publications
2013,Best Novella,3,“The Stars Do Not Lie”,Jay Lake,"Asimov’s, Oct-Nov 2012"
2013,Best Novella,4,On a Red Station,Aliette De Bodard,Immersion Press
2013,Best Novella,5,San Diego 2014: The Last Stand of the California Browncoats,Mira Grant,Orbit
2013,Best Novelette,1,“The Girl-Thing Who Went Out for Sushi”,Pat Cadigan,"Edge of Infinity, Solaris"
2013,Best Novelette,2,“In Sea-Salt Tears”,Seanan Mcguire,Self-published
2013,Best Novelette,3,“Fade To White”,Catherynne M. Valente,"Clarkesworld, August 2012"
2013,Best Novelette,4,“Rat-Catcher”,Seanan Mcguire,"A Fantasy Medley 2, Subterranean"
2013,Best Novelette,5,“The Boy Who Cast No Shadow”,Thomas Olde Heuvelt,"Postscripts: Unfit For Eden, PS Publications"
2013,Best Short Story,1,“Mono no Aware”,Ken Liu,"The Future is Japanese, VIZ Media LLC"
2013,Best Short Story,2,“Immersion”,Aliette De Bodard,"Clarkesworld, June 2012"
2013,Best Short Story,3,“Mantis Wives”,Kij Johnson,"Clarkesworld, August 2012"
2012,Best Novel,1,Among Others,Jo Walton,Tor
2012,Best Novel,2,Embassytown,China Miéville,Macmillan / Del Rey
2012,Best Novel,3,Leviathan Wakes,James S. A. Corey,Orbit
2012,Best Novel,4,Deadline,Mira Grant,Orbit
2012,Best Novel,5,A Dance With Dragons,George R. R. Martin,Bantam Spectra
2012,Best Novella,1,“The Man Who Bridged the Mist”,Kij Johnson,Asimov’s
2012,Best Novella,2,“Kiss Me Twice”,Mary Robinette Kowal,Asimov’s
2012,Best Novella,3,Silently and Very Fast,Catherynne M. Valente,WSFA
2012,Best Novella,4,“The Man Who Ended History: A Documentary”,Ken Liu,Panverse 3
2012,Best Novella,5,Countdown,Mira Grant,Orbit
2012,Best Novella,6,“The Ice Owl”,Carolyn Ives Gilman,The Magazine of Fantasy & Science Fiction
2012,Best Novelette,1,“Six Months,Charlie Jane Anders,Tor.com
2012,Best Novelette,2,“Ray of Light”,Brad R. Torgersen,Analog
2012,Best Novelette,3,“The Copenhagen Interpretation”,Paul Cornell,Asimov’s
2012,Best Novelette,4,“What We Found”,Geoff Ryman,The Magazine of Fantasy and Science Fiction
2012,Best Novelette,5,“Fields of Gold”,Rachel Swirsky,Eclipse Four
2012,Best Short Story,1,“The Paper Menagerie”,Ken Liu,The Magazine of Fantasy and Science Fiction
2012,Best Short Story,2,“The Cartographer Wasps and the Anarchist Bees”,E. Lily Yu,Clarkesworld
2012,Best Short Story,3,“The Homecoming”,Mike Resnick,Asimov’s
2012,Best Short Story,4,“Movement”,Nancy Fulda,Asimov’s
2012,Best Short Story,5,“Shadow War of the Night Dragons: Book One: The Dead City: Prologue”,John Scalzi,Tor.com
2011,Best Novel,1,Blackout/All Clear,Connie Willis,Ballantine Spectra
2011,Best Novel,2,Feed,Mira Grant,Orbit
2011,Best Novel,3,Cryoburn,Lois Mcmaster Bujold,Baen
2011,Best Novel,4,The Hundred Thousand Kingdoms,N. K. Jemisin,Orbit
2011,Best Novel,5,The Dervish House,Ian Mcdonald,Gollancz; Pyr
2011,Best Novella,1,The Lifecycle of Software Objects,Ted Chiang,Subterranean
2011,Best Novella,2,“Troika”,Alastair Reynolds,"Godlike Machines, Science Fiction Book Club"
2011,Best Novella,3,“The Lady Who Plucked Red Flowers beneath the Queen’s Window”,Rachel Swirsky,"Subterranean Magazine, Summer 2010"
2011,Best Novella,4,“The Sultan of the Clouds”,Geoffrey A. Landis,"Asimov’s, September 2010"
2011,Best Novella,5,“The Maiden Flight of McCauley’s Bellerophon”,Elizabeth Hand,"Stories: All New Tales, William Morrow"
2011,Best Novelette,1,“The Emperor of Mars”,Allen M. Steele,"Asimov’s, June 2010"
2011,Best Novelette,2,“Eight Miles”,Sean Mcmullen,"Analog, September 2010"
2011,Best Novelette,3,“Plus or Minus”,James Patrick Kelly,"Asimov’s, December 2010"
2011,Best Novelette,4,“That Leviathan,Eric James Stone,"Analog, September 2010"
2011,Best Novelette,5,“The Jaguar House,Aliette De Bodard,"Asimov’s, July 2010"
2011,Best Short Story,1,“For Want of a Nail”,Mary Robinette Kowal,"Asimov’s, September 2010"
2011,Best Short Story,2,“Amaryllis”,Carrie Vaughn,"Lightspeed, June 2010"
2011,Best Short Story,3,“The Things”,Peter Watts,"Clarkesworld, January 2010"
2011,Best Short Story,4,“Ponies”,Kij Johnson,"Tor.com, November 17, 2010"
2010,Best Novel,1,The City & The City,China Miéville,Del Rey; Macmillan UK
2010,Best Novel,2,The Windup Girl,Paolo Bacigalupi,Night Shade
2010,Best Novel,3,Boneshaker,Cherie Priest,Tor
2010,Best Novel,4,Wake,Robert J. Sawyer,Ace; Penguin; Gollancz; Analog
2010,Best Novel,5,Julian Comstock: A Story of 22nd-Century America,Robert Charles Wilson,Tor
2010,Best Novel,6,Palimpsest,Catherynne M. Valente,Bantam Spectra
2010,Best Novella,1,“Palimpsest”,Charles Stross,Wireless; Ace; Orbit
2010,Best Novella,2,The God Engines,John Scalzi,Subterranean
2010,Best Novella,3,The Women of Nell Gwynne’s,Kage Baker,Subterranean
2010,Best Novella,4,“Act One”,Nancy Kress,Asimov’s 3/09
2010,Best Novella,5,“Vishnu at the Cat Circus”,Ian Mcdonald,Cyberabad Days; Pyr; Gollancz
2010,Best Novella,6,Shambling Towards Hiroshima,James Morrow,Tachyon
2010,Best Novelette,1,The Island”,Peter Watts,The New Space Opera 2; Eos
2010,Best Novelette,2,“Overtime”,Charles Stross,Tor.com 12/09
2010,Best Novelette,3,“Eros,Rachel Swirsky,Tor.com 3/09
2010,Best Novelette,4,“It Takes Two”,Nicola Griffith,Eclipse Three; Night Shade Books
2010,Best Novelette,5,“One of Our Bastards is Missing”,Paul Cornell,The Solaris Book of New Science Fiction: Volume Three; Solaris
2010,Best Novelette,6,“Sinner,Eugie Foster,Interzone 2/09
2010,Best Short Story,1,“Bridesicle”,Will Mcintosh,Asimov’s 1/09
2010,Best Short Story,2,“The Bride of Frankenstein”,Mike Resnick,Asimov’s 12/09
2010,Best Short Story,3,“Non-Zero Probabilities”,N. K. Jemisin,Clarkesworld 9/09
2010,Best Short Story,4,“Spar”,Kij Johnson,Clarkesworld 10/09
2010,Best Short Story,5,“The Moment”,Lawrence M. Schoen,Footprints; Hadley Rille Books
2009,Best Novel,1,The Graveyard Book,Neil Gaiman,HarperCollins; Bloomsbury UK
2009,Best Novel,2,Little Brother,Cory Doctorow,Tor Teen; HarperVoyager UK
2009,Best Novel,3,Anathem,Neal Stephenson,Morrow; Atlantic UK
2009,Best Novel,4,Saturn’s Children,Charles Stross,Ace; Orbit UK
2009,Best Novel,5,Zoe’s Tale,John Scalzi (Tor) ,no publishing information available
2009,Best Novella,1,“The Erdmann Nexus”,Nancy Kress,Asimov’s Oct/Nov 2008
2009,Best Novella,2,“Truth”,Robert Reed,Asimov’s Oct/Nov 2008
2009,Best Novella,3,“The Tear”,Ian Mcdonald,Galactic Empires
2009,Best Novella,4,“True Names”,Benjamin Rosenbaum & Cory Doctorow,Fast Forward 2
2009,Best Novella,5,“The Political Prisoner”,Charles Coleman Finlay,F&SF Aug 2008
2009,Best Novelette,1,“Shoggoths in Bloom”,Elizabeth Bear,Asimov’s Mar 2008
2009,Best Novelette,2,“Pride and Prometheus”,John Kessel,F&SF Jan 2008
2009,Best Novelette,3,“The Ray-Gun: A Love Story”,James Alan Gardner,Asimov’s Feb 2008
2009,Best Novelette,4,“The Gambler”,Paolo Bacigalupi,Fast Forward 2
2009,Best Novelette,5,“Alastair Baffle’s Emporium of Wonders”,Mike Resnick,Asimov’s Jan 2008
2009,Best Short Story,1,“Exhalation”,Ted Chiang,Eclipse Two
2009,Best Short Story,2,"“26 Monkeys, Also the Abyss”",Kij Johnson,Asimov’s Jul 2008
2009,Best Short Story,3,“From Babel’s Fall’n Glory We Fled”,Michael Swanwick (Asimov’S Feb 2008) ,no publishing information available
2009,Best Short Story,4,“Evil Robot Monkey”,Mary Robinette Kowal,"The Solaris Book of New Science Fiction, Volume Two"
2009,Best Short Story,5,“Article of Faith”,Mike Resnick,Baen’s Universe Oct 2008
2008,Best Novelette,1,“The Merchant and the Alchemist”s Gate”,Ted Chiang,F&SF Sept. 2007
2008,Best Novelette,2,“The Cambist and Lord Iron: a Fairytale of Economics”,Daniel Abraham,"Logorrhea, ed. John Klima, Bantam"
2008,Best Novelette,3,“Dark Integers”,Greg Egan,Asimov’s Oct./Nov. 2007
2008,Best Novelette,4,“Glory”,Greg Egan,"The New Space Opera, ed. Gardner Dozois and Jonathan Strahan, HarperCollins/Eos"
2008,Best Novelette,5,“Finisterra”,David Moles,F&SF Dec. 2007
2008,Best Short Story,1,“Tideline”,Elizabeth Bear,Asimov’s June 2007
2008,Best Short Story,2,“A Small Room in Koboldtown”,Michael Swanwick,"Asimov’s April/May 2007, The Dog Said Bow-Wow, Tachyon Publications"
2008,Best Short Story,3,“Last Contact”,Stephen Baxter,"The Solaris Book of New Science Fiction, ed. George Mann, Solaris Books"
2008,Best Short Story,4,“Who’s Afraid of Wolf 359?”,Ken Macleod,"The New Space Opera, ed. by Gardner Dozois, and Jonathan Strahan, HarperCollins/Eos"
2008,Best Short Story,5,“Distant Replay”,Mike Resnick,Asimov’s April/May 2007
2007,Best Novel,1,Rainbows End,Vernor Vinge,"Tor, 2006"
2007,Best Novel,2,Glasshouse,Charles Stross,"Ace, 2006"
2007,Best Novel,3,His Majesty’s Dragon,Naomi Novik,"Voyager, 2006; Del Rey, 2006"
2007,Best Novel,4,Eifelheim,Michael Flynn,"Tor, 2006"
2007,Best Novel,5,Blindsight,Peter Watts,"Tor, 2006"
2007,Best Novella,1,“A Billion Eves”,Robert Reed,Asimov’s Oct/Nov 2006
2007,Best Novella,2,“Lord Weary’s Empire”,Michael Swanwick,Asimov’s Dec 2006
2007,Best Novella,3,Julian: A Christmas Story,Robert Charles Wilson,"PS Publishing, 2006"
2007,Best Novella,4,“The Walls of the Universe”,Paul Melko,Asimov’s April/May 2006
2007,Best Novella,5,“Inclination”,William Shunn,Asimov’s April/May 2006
2007,Best Novelette,1,“The Djinn’s Wife”,Ian Mcdonald,Asimov’s July 2006
2007,Best Novelette,2,“Pol Pot’s Beautiful Daughter (Fantasy)”,Geoff Ryman,Fantasy & Science Fiction Oct 2006
2007,Best Novelette,3,"“Dawn, and Sunset, and the Colours of the Earth”",Michael F Flynn,Asimov’s Oct/Nov 2006
2007,Best Novelette,4,“All the Things You Are”,Mike Resnick,Jim Baen’s Universe Oct 2006
2007,Best Novelette,5,“Yellow Card Man”,Paolo Bacigalupi,Asimov’s Dec 2006
2007,Best Short Story,1,“Impossible Dreams”,Tim Pratt,Asimov’s July 2006
2007,Best Short Story,2,“How to Talk to Girls at Parties”,Neil Gaiman,"Fragile Things, William Morrow 2006"
2007,Best Short Story,3,“Eight Episodes”,Robert Reed,Asimov’s June 2006
2007,Best Short Story,4,“Kin”,Bruce Mcallister,Asimov’s Feb 2006
2007,Best Short Story,5,“The House Beyond Your Sky”,Benjamin Rosenbaum,Strange Horizons Sep 2006
2006,Best Novel,1,Spin,Robert Charles Wilson,"Tor, 2005"
2006,Best Novel,2,Learning the World,Ken Macleod,"Orbit, 2005; Tor, 2005"
2006,Best Novel,3,A Feast for Crows,George R. R. Martin,"Voyager, 2005; Bantam Spectra, 2005"
2006,Best Novel,4,Old Man’s War,John Scalzi,"Tor, 2005"
2006,Best Novel,5,Accelerando,Charles Stross,"Ace, 2005; Orbit, 2005"
2006,Best Novella,1,“Inside Job”,Connie Willis,Asimov’s Jan 2005
2006,Best Novella,2,“Burn”,James Patrick Kelly,"Tachyon, 2005"
2006,Best Novella,3,“Magic for Beginners”,Kelly Link,"Magic for Beginners, Small Beer Press, 2005; F&SF Sep 2005"
2006,Best Novella,4,“The Little Goddess”,Ian Mcdonald,Asimov’s Jun 2005
2006,Best Novella,5,“Identity Theft”,Robert J. Sawyer,"Down These Dark Spaceways, Sfbc, 2005"
2006,Best Novelette,1,“Two Hearts”,Peter S. Beagle,F&SF Oct/Nov 2005
2006,Best Novelette,2,“The Calorie Man”,Paolo Bacigalupi,F&SF Oct/Nov 2005
2006,Best Novelette,3,“TelePresence”,Michael A. Burstein,Analog Jul/Aug 2005
2006,Best Novelette,4,"“I, Robot”",Cory Doctorow,The Infinite Matrix 2005-02-15
2006,Best Novelette,5,“The King of Where-I-Go”,Howard Waldrop,"Sci Fiction, scifi.com 2005-12-07"
2006,Best Short Story,1,“Tk’tk’tk”,David D. Levine,Asimov’s Mar 2005
2006,Best Short Story,2,“Seventy-Five Years”,Michael A. Burstein,Analog Jan/Feb 2005
2006,Best Short Story,3,“The Clockwork Atom Bomb”,Dominic Green,Interzone May/Jun 2005
2006,Best Short Story,4,“Singing My Sister Down”,Margo Lanagan,"Black Juice, Allen & Unwin, 2005; Eos, 2005"
2006,Best Short Story,5,“Down Memory Lane”,Mike Resnick,Asimov’s Apr/May 2005
2005,Best Novel,1,Jonathan Strange & Mr. Norrell,Susanna Clarke,"Bloomsbury, 2004"
2005,Best Novel,2,River of Gods,Ian Mcdonald,"Simon & Schuster UK, 2004"
2005,Best Novel,3,The Algebraist,Iain M. Banks,"Orbit, 2004"
2005,Best Novel,4,Iron Sunrise,Charles Stross,"Ace, 2004"
2005,Best Novel,5,Iron Council,China Miéville,"Del Rey, 2004; Macmillan UK, 2004"
2005,Best Novella,1,“The Concrete Jungle”,Charles Stross,"The Atrocity Archives (Golden Gryphon Press), 2004"
2005,Best Novella,2,“Sergeant Chip”,Bradley Denton,F&SF Sep 2004
2005,Best Novella,3,“Elector”,Charles Stross,Asimov’s Sep 2004
2005,Best Novella,4,“Winterfair Gifts”,Lois Mcmaster Bujold,"Irresistible Forces (NAL), 2004"
2005,Best Novella,5,“Time Ablaze”,Michael A. Burstein,Analog Jun 2004
2005,Best Novelette,1,“The Faery Handbag”,Kelly Link,"The Faery Reel (Viking), 2004"
2005,Best Novelette,2,“The Clapping Hands of God”,Michael F. Flynn,Analog Jul/Aug 2004
2005,Best Novelette,3,“The People of Sand and Slag”,Paolo Bacigalupi,F&SF Feb 2004
2005,Best Novelette,4,"“Biographical Notes to ‘A Discourse on the Nature of Causality, with Air-Planes’",Benjamin Rosenbaum,"All-Star Zeppelin Adventure Stories (Wheatland Press), 2004"
2005,Best Novelette,5,“The Voluntary State”,Christopher Rowe,"Sci Fiction, scifi.com 2004-05-05"
2005,Best Short Story,1,“Travels with My Cats”,Mike Resnick,Asimov’s Feb 2004
2005,Best Short Story,2,“The Best Christmas Ever”,James Patrick Kelly,"Sci Fiction, scifi.com 2004-05-26"
2005,Best Short Story,3,“A Princess of Earth”,Mike Resnick,Asimov’s Dec 2004
2005,Best Short Story,4,“Shed Skin”,Robert J. Sawyer,Analog Jan/Feb 2004
2005,Best Short Story,5,“Decisions”,Michael A. Burstein,Analog Jan/Feb 2004
2004,Best Novel,1,Paladin of Souls,Lois Mcmaster Bujold,"Eos, 2003"
2004,Best Novel,2,Ilium,Dan Simmons,"Subterranean, 2003; Eos, 2003; Gollancz, 2003"
2004,Best Novel,3,Singularity Sky,Charles Stross,"Ace, 2003"
2004,Best Novel,4,Blind Lake,Robert Charles Wilson,"Tor, 2003"
2004,Best Novel,5,Humans,Robert J. Sawyer,"Tor, 2003"
2004,Best Novella,1,“The Cookie Monster”,Vernor Vinge,Analog Oct 2003
2004,Best Novella,2,“The Empress of Mars”,Kage Baker,Asimov’s Jul 2003
2004,Best Novella,3,“Just Like the Ones We Used to Know”,Connie Willis,Asimov’s Dec 2003
2004,Best Novella,4,“The Green Leopard Plague”,Walter Jon Williams,Asimov’s Oct/Nov 2003
2004,Best Novella,5,“Walk in Silence”,Catherine Asaro,Analog Apr 2003
2004,Best Novelette,1,“Legions in Time”,Michael Swanwick,Asimov’s Apr 2003
2004,Best Novelette,2,“The Empire of Ice Cream”,Jeffrey Ford,"Sci Fiction, scifi.com 2003-02-26"
2004,Best Novelette,3,“Nightfall”,Charles Stross,Asimov’s Apr 2003
2004,Best Novelette,4,“Into the Gardens of Sweet Night”,Jay Lake,"Writers of the Future XIX, ed. by Algis Budrys (Galaxy Press), 2003"
2004,Best Novelette,5,“Bernardo’s House”,James Patrick Kelly,Asimov’s Jun 2003
2004,Best Novelette,6,“Hexagons”,Robert Reed,Asimov’s Jul 2003
2004,Best Short Story,1,“A Study in Emerald”,Neil Gaiman,"Shadows Over Baker Street, ed. by Michael Reaves & John Pelan (Del Rey), 2003"
2004,Best Short Story,2,“Paying It Forward”,Michael A. Burstein,Analog Sep 2003
2004,Best Short Story,3,“Robots Don’t Cry”,Mike Resnick,Asimov’s Jul 2003
2004,Best Short Story,4,“Four Short Novels”,Joe Haldeman,F&SF Oct/Nov 2003
2004,Best Short Story,5,“The Tale of the Golden Eagle”,David D. Levine,F&SF Jun 2003
2003,Best Novel,1,Hominids,Robert J. Sawyer,"Analog Jan,Feb,Mar,Apr 2002; Tor, 2002"
2003,Best Novel,2,Kiln People (alt: Kil’n People),David Brin,"Tor, 2002"
2003,Best Novel,3,Bones of the Earth,Michael Swanwick,"Eos, 2002"
2003,Best Novel,4,The Scar,China Miéville,"Del Rey, Jun 2002; Macmillan, 2002"
2003,Best Novel,5,The Years of Rice and Salt,Kim Stanley Robinson,"Bantam, 2002"
2003,Best Novella,1,“Coraline”,Neil Gaiman,"HarperCollins, Jul 2002"
2003,Best Novella,2,“Bronte’s Egg”,Richard Chwedyk,F&SF Aug 2002
2003,Best Novella,3,“Breathmoss”,Ian R. Macleod,Asimov’s May 2002
2003,Best Novella,4,“A Year in the Linear City”,Paul Di Filippo,"PS Publishing, 2002"
2003,Best Novella,5,“The Political Officer”,Charles Coleman Finlay,F&SF Apr 2002
2003,Best Novella,6,“In Spirit”,Pat Forde,Analog Sep 2002
2003,Best Novelette,1,“Slow Life”,Michael Swanwick,Analog Dec 2002
2003,Best Novelette,2,“The Wild Girls”,Ursula K. Le Guin,Asimov’s Mar 2002
2003,Best Novelette,3,“Halo”,Charles Stross,Asimov’s Jun 2002
2003,Best Novelette,4,“Presence”,Maureen F. Mchugh,F&SF Mar 2002
2003,Best Novelette,5,“Madonna of the Maquiladora”,Gregory Frost,Asimov’s May 2002
2003,Best Short Story,1,“Falling onto Mars”,Geoffrey A. Landis,Analog Jul/Aug 2002
2003,Best Short Story,2,"“‘Hello,’ Said the Stick”",Michael Swanwick,Analog Mar 2002
2003,Best Short Story,3,“The Little Cat Laughed to See Such Sport”,Michael Swanwick,Asimov’s Oct/Nov 2002
2003,Best Short Story,4,“Creation”,Jeffrey Ford,F&SF May 2002
2003,Best Short Story,5,“Lambing Season”,Molly Gloss,Asimov’s Jul 2002
2002,Best Novel,1,American Gods,Neil Gaiman,"Morrow, 2001"
2002,Best Novel,2,The Curse of Chalion,Lois Mcmaster Bujold,"Eos, 2001"
2002,Best Novel,3,Passage,Connie Willis,"Bantam, 2001"
2002,Best Novel,4,Perdido Street Station,China Miéville,"Macmillan, 2000; Del Rey, 2001; Fleuve noir, 2003"
2002,Best Novel,5,The Chronoliths,Robert Charles Wilson,"Tor, 2001"
2002,Best Novel,6,Cosmonaut Keep,Ken Macleod,"Orbit, 2000; Tor, 2001"
2002,Best Novella,1,“Fast Times at Fairmont High”,Vernor Vinge,"The Collected Stories of Vernor Vinge (Tor), 2001"
2002,Best Novella,2,“Stealing Alabama”,Allen M. Steele,Asimov’s Jan 2001
2002,Best Novella,3,“May Be Some Time”,Brenda W. Clough,Analog Apr 2001
2002,Best Novella,4,“The Chief Designer”,Andy Duncan,Asimov’s Jun 2001
2002,Best Novella,5,“The Diamond Pit”,Jack Dann,"Jubilee, 2001; F&SF Jun 2001"
2002,Best Novelette,1,“Hell Is the Absence of God”,Ted Chiang,"Starlight #3 (Tor), 2001"
2002,Best Novelette,2,“The Days Between”,Allen Steele,Asimov’s Mar 2001
2002,Best Novelette,3,“Undone”,James Patrick Kelly,Asimov’s Jun 2001
2002,Best Novelette,4,“Lobsters”,Charles Stross,Asimov’s Jun 2001
2002,Best Novelette,5,“The Return of Spring”,Shane Tourtellotte,Analog Nov 2001
2002,Best Short Story,1,“The Dog Said Bow-Wow”,Michael Swanwick,Asimov’s Oct/Nov 2001
2002,Best Short Story,2,“The Bones of the Earth”,Ursula K. Le Guin,"Tales from Earthsea (Harcourt), 2001"
2002,Best Short Story,3,“Old MacDonald Had a Farm”,Mike Resnick,Asimov’s Sep 2001
2002,Best Short Story,4,“The Ghost Pit”,Stephen Baxter,Asimov’s Jul 2001
2002,Best Short Story,5,“Spaceships”,Michael A. Burstein,Analog Jun 2001
2001,Best Novel,1,Harry Potter and the Goblet of Fire,J. K. Rowling,"Bloomsbury, 2000; Scholastic, 2000"
2001,Best Novel,2,A Storm of Swords,George R. R. Martin,"HarperCollins Voyager, 2000; Bantam Spectra, 2000"
2001,Best Novel,3,Calculating God,Robert J. Sawyer,"Tor, 2000"
2001,Best Novel,4,The Sky Road,Ken Macleod,"Orbit, 1999; Tor, 2000"
2001,Best Novel,5,Midnight Robber,Nalo Hopkinson,"Warner Aspect, 2000"
2001,Best Novella,1,“The Ultimate Earth”,Jack Williamson,Analog Dec 2000
2001,Best Novella,2,“A Roll of the Dice”,Catherine Asaro,Analog Jul/Aug 2000
2001,Best Novella,3,“The Retrieval Artist”,Kristine Kathryn Rusch,Analog Jun 2000
2001,Best Novella,4,“Oracle”,Greg Egan,Asimov’s Jul 2000
2001,Best Novella,5,“Seventy-Two Letters”,Ted Chiang,"Vanishing Acts, 2000"
2001,Best Novella,6,“Radiant Green Star”,Lucius Shepard,Asimov’s Aug 2000
2001,Best Novelette,1,“Millennium Babies”,Kristine Kathryn Rusch,Asimov’s Jan 2000
2001,Best Novelette,2,“On the Orion Line”,Stephen Baxter,Asimov’s Oct/Nov 2000
2001,Best Novelette,3,“Agape Among the Robots”,Allen Steele,Analog May 2000
2001,Best Novelette,4,“Generation Gap”,Stanley Schmidt,Artemis #1 Spr 2000
2001,Best Novelette,5,“Redchapel”,Mike Resnick,Asimov’s Dec 2000
2001,Best Short Story,1,“Different Kinds of Darkness”,David Langford,F&SF Jan 2000
2001,Best Short Story,2,“Kaddish for the Last Survivor”,Michael A. Burstein,Analog Nov 2000
2001,Best Short Story,3,“Moon Dogs”,Michael Swanwick,"Moon Dogs, 2000; Asimov’s Mar 2000"
2001,Best Short Story,4,“The Elephants on Neptune”,Mike Resnick,Asimov’s May 2000
2001,Best Short Story,5,“The Gravity Mine”,Stephen Baxter,Asimov’s Apr 2000
2000,Best Novel,1,A Deepness in the Sky,Vernor Vinge,"Tor, 1999"
2000,Best Novel,2,A Civil Campaign,Lois Mcmaster Bujold,"Baen, 1999"
2000,Best Novel,3,Cryptonomicon,Neal Stephenson,"Avon, 1999"
2000,Best Novel,4,Darwin’s Radio,Greg Bear,"HarperCollins UK, 1999; Ballantine Del Rey, 1999"
2000,Best Novel,5,Harry Potter and the Prisoner of Azkaban,J. K. Rowling,"Bloomsbury, 1999; Scholastic, 1999"
2000,Best Novella,1,“The Winds of Marble Arch”,Connie Willis,Asimov’s Oct/Nov 1999
2000,Best Novella,2,"“Forty, Counting Down”",Harry Turtledove,Asimov’s Dec 1999
2000,Best Novella,3,“The Astronaut from Wyoming”,Adam-Troy Castro And Jerry Oltion,Analog Jul/Aug 1999
2000,Best Novella,4,“Hunting the Snark”,Mike Resnick,Asimov’s Dec 1999
2000,Best Novella,5,"“Son, Observe the Time”",Kage Baker,Asimov’s May 1999
2000,Best Novelette,1,“1016 to 1″,James Patrick Kelly,Asimov’s Jun 1999
2000,Best Novelette,2,“Stellar Harvest”,Eleanor Arnason,Asimov’s Apr 1999
2000,Best Novelette,3,“Border Guards”,Greg Egan,Interzone #148 Oct 1999
2000,Best Novelette,4,“The Secret History of the Ornithopter”,Jan Lars Jensen,F&SF Jun 1999
2000,Best Novelette,5,“Fossil Games”,Tom Purdom,Asimov’s Feb 1999
2000,Best Novelette,6,“The Chop Girl”,Ian R. Macleod,Asimov’s Dec 1999
2000,Best Short Story,1,“Scherzo with Tyrannosaur”,Michael Swanwick,Asimov’s Jul 1999
2000,Best Short Story,2,“Ancient Engines”,Michael Swanwick,Asimov’s Feb 1999
2000,Best Short Story,3,“Hothouse Flowers”,Mike Resnick,Asimov’s Oct/Nov 1999
2000,Best Short Story,4,“macs”,Terry Bisson,F&SF Oct/Nov 1999
2000,Best Short Story,5,“Sarajevo”,Nick Dichario,F&SF Mar 1999
1999,Best Novel,1,To Say Nothing of the Dog,Connie Willis,"Bantam Spectra, 1998"
1999,Best Novel,2,Children of God,Mary Doria Russell,"Villard, 1998"
1999,Best Novel,3,Darwinia,Robert Charles Wilson,"Tor, 1998"
1999,Best Novel,4,Distraction,Bruce Sterling,"Bantam Spectra, 1998"
1999,Best Novel,5,Factoring Humanity,Robert J. Sawyer,"Tor, 1998"
1999,Best Novella,1,“Oceanic”,Greg Egan,Asimov’s Aug 1998
1999,Best Novella,2,“Aurora in Four Voices”,Catherine Asaro,Analog Dec 1998
1999,Best Novella,3,“Story of Your Life”,Ted Chiang,"Starlight #2 (Tor), 1998"
1999,Best Novella,4,“Get Me to the Church on Time”,Terry Bisson,Asimov’s May 1998
1999,Best Novella,5,“The Summer Isles”,Ian R. Macleod,Asimov’s Oct/Nov 1998
1999,Best Novelette,1,“Taklamakan”,Bruce Sterling,Asimov’s Oct/Nov 1998
1999,Best Novelette,2,“Echea”,Kristine Kathryn Rusch,Asimov’s Jul 1998
1999,Best Novelette,3,“Zwarte Piet’s Tale”,Allen Steele,Analog Dec 1998
1999,Best Novelette,4,“Steamship Soldier on the Information Front”,Nancy Kress,Future Histories 1997; Asimov’s Apr 1998
1999,Best Novelette,5,“The Planck Dive”,Greg Egan,Asimov’s Feb 1998
1999,Best Novelette,6,“Time Gypsy”,Ellen Klages,"Bending the Landscape: Science Fiction, 1998"
1999,Best Novelette,7,“Divided,Robert Charles Wilson,"Starlight #2 (Tor), 1998"
1999,Best Short Story,1,“The Very Pulse of the Machine”,Michael Swanwick,Asimov’s Feb 1998
1999,Best Short Story,2,“Maneki Neko”,Bruce Sterling,F&SF May 1998
1999,Best Short Story,3,“Radiant Doors”,Michael Swanwick,Asimov’s Sep 1998
1999,Best Short Story,4,“Wild Minds”,Michael Swanwick,Asimov’s May 1998
1999,Best Short Story,5,“Cosmic Corkscrew”,Michael A. Burstein,Analog Jun 1998
1999,Best Short Story,6,“Whiptail”,Robert Reed,Asimov’s Oct/Nov 1998
1998,Best Novel,1,Forever Peace,Joe Haldeman,"Ace, 1997"
1998,Best Novel,2,City on Fire,Walter Jon Williams,"HarperPrism, 1997"
1998,Best Novel,3,The Rise of Endymion,Dan Simmons,"Bantam Spectra, 1997"
1998,Best Novel,4,Frameshift,Robert J. Sawyer,"Tor, 1997"
1998,Best Novel,5,Jack Faust,Michael Swanwick,"Avon, 1997"
1998,Best Novella,1,“…Where Angels Fear to Tread”,Allen Steele,Asimov’s Oct/Nov 1997
1998,Best Novella,2,“The Funeral March of the Marionettes”,Adam-Troy Castro,F&SF Jul 1997
1998,Best Novella,3,“Ecopoiesis”,Geoffrey A. Landis,SF Age May 1997
1998,Best Novella,4,“Loose Ends”,Paul Levinson,Analog May 1997
1998,Best Novella,5,“Marrow”,Robert Reed,SF Age Jul 1997
1998,Best Novelette,1,“We Will Drink a Fish Together…”,Bill Johnson,Asimov’s May 1997
1998,Best Novelette,2,“Three Hearings on the Existence of Snakes in the Human Bloodstream”,James Alan Gardner,Asimov’s Feb 1997
1998,Best Novelette,3,“Moon Six”,Stephen Baxter,SF Age Mar 1997
1998,Best Novelette,4,“Broken Symmetry”,Michael A. Burstein,Analog Feb 1997
1998,Best Novelette,5,“The Undiscovered”,William Sanders,Asimov’s Mar 1997
1998,Best Short Story,1,“The 43 Antarean Dynasties”,Mike Resnick,Asimov’s Dec 1997
1998,Best Short Story,2,“Itsy Bitsy Spider”,James Patrick Kelly,Asimov’s Jun 1997
1998,Best Short Story,3,“No Planets Strike”,Gene Wolfe,F&SF Jan 1997
1998,Best Short Story,4,“The Hand You’re Dealt”,Robert J. Sawyer,"Free Space, 1997"
1998,Best Short Story,5,“Standing Room Only”,Karen Joy Fowler,Asimov’s Aug 1997
1998,Best Short Story,6,“Beluthahatchie”,Andy Duncan,Asimov’s Mar 1997
1997,Best Novel,1,Blue Mars,Kim Stanley Robinson,"HarperCollins Voyager, 1996; Bantam Spectra, 1996"
1997,Best Novel,2,Memory,Lois Mcmaster Bujold,"Baen, 1996"
1997,Best Novel,3,Remnant Population,Elizabeth Moon,"Baen, 1996"
1997,Best Novel,4,Starplex,Robert J. Sawyer,"Analog Jul,Aug,Sep,Oct 1996; Ace, 1996"
1997,Best Novel,5,Holy Fire,Bruce Sterling,"Bantam Spectra, 1996"
1997,Best Novella,1,“Blood of the Dragon”,George R. R. Martin,Asimov’s Jul 1996
1997,Best Novella,2,“Time Travelers Never Die”,Jack Mcdevitt,Asimov’s May 1996
1997,Best Novella,3,“Immersion”,Gregory Benford,SF Age Mar 1996
1997,Best Novella,4,“Abandon in Place”,Jerry Oltion,F&SF Dec 1996
1997,Best Novella,5,“Gas Fish”,Mary Rosenblum,Asimov’s Feb 1996
1997,Best Novella,6,“The Cost to Be Wise”,Maureen F. Mchugh,"Starlight #1 (Tor), 1996"
1997,Best Novelette,1,“Bicycle Repairman”,Bruce Sterling,"Intersections (Tor), 1996; Asimov’s Oct/Nov 1996"
1997,Best Novelette,2,“The Land of Nod”,Mike Resnick,Asimov’s Jun 1996
1997,Best Novelette,3,“Mountain Ways”,Ursula K. Le Guin,Asimov’s Aug 1996
1997,Best Novelette,4,“Beauty and the Opéra or The Phantom Beast”,Suzy Mckee Charnas,Asimov’s Mar 1996
1997,Best Novelette,5,“Age of Aquarius”,William Barton,Asimov’s May 1996
1997,Best Short Story,1,“The Soul Selects Her Own Society”,Connie Willis,Asimov’s Apr 1996
1997,Best Short Story,2,“Un-Birthday Boy”,James White,Analog Feb 1996
1997,Best Short Story,3,“The Dead”,Michael Swanwick,"Starlight #1 (Tor), 1996"
1997,Best Short Story,4,“Decency”,Robert Reed,Asimov’s Jun 1996
1997,Best Short Story,5,“Gone”,John Crowley,F&SF Sep 1996
1996,Best Novel,1,The Diamond Age,Neal Stephenson,"Bantam Spectra, 1995"
1996,Best Novel,2,The Time Ships,Stephen Baxter,"HarperPrism, 1995"
1996,Best Novel,3,Brightness Reef,David Brin,"Bantam Spectra, 1995"
1996,Best Novel,4,The Terminal Experiment (alt: Hobson’s Choice),Robert J. Sawyer,"HarperPrism, 1995; Analog mid-Dec 1994,Jan,Feb,Mar 1995"
1996,Best Novel,5,Remake,Connie Willis,"Bantam Spectra, 1995"
1996,Best Novella,1,“The Death of Captain Future”,Allen Steele,Asimov’s Oct 1995
1996,Best Novella,2,“A Woman’s Liberation”,Ursula K. Le Guin,"Asimov’s Jul 1995; Four Ways to Forgiveness (HarperPrism), 1995"
1996,Best Novella,3,“Bibi”,Mike Resnick And Susan Shwartz,Asimov’s mid-Dec 1995
1996,Best Novella,4,“A Man of the People”,Ursula K. Le Guin,"Asimov’s Apr 1995; Four Ways to Forgiveness (HarperPrism), 1995"
1996,Best Novella,5,“Fault Lines”,Nancy Kress,Asimov’s Aug 1995
1996,Best Novelette,1,“Think Like a Dinosaur”,James Patrick Kelly,Asimov’s Jun 1995
1996,Best Novelette,2,“When the Old Gods Die”,Mike Resnick,Asimov’s Apr 1995
1996,Best Novelette,3,“The Good Rat”,Allen Steele,Analog mid-Dec 1995
1996,Best Novelette,4,“Must and Shall”,Harry Turtledove,Asimov’s Nov 1995
1996,Best Novelette,5,“Luminous”,Greg Egan,Asimov’s Sep 1995
1996,Best Novelette,6,“TAP”,Greg Egan,Asimov’s Nov 1995
1996,Best Short Story,1,“The Lincoln Train”,Maureen F. Mchugh,F&SF Apr 1995
1996,Best Short Story,2,“A Birthday”,Esther M. Friesner,F&SF Aug 1995
1996,Best Short Story,3,“TeleAbsence”,Michael A. Burstein,Analog Jul 1995
1996,Best Short Story,4,“Life on the Moon”,Tony Daniel,Asimov’s Apr 1995
1996,Best Short Story,5,“Walking Out”,Michael Swanwick,Asimov’s Feb 1995
1995,Best Novel,1,Mirror Dance,Lois Mcmaster Bujold,"Baen, 1994"
1995,Best Novel,2,Mother of Storms,John Barnes,"Tor, 1994"
1995,Best Novel,3,Beggars and Choosers,Nancy Kress,"Tor, 1994"
1995,Best Novel,4,Brittle Innings,Michael Bishop,"Bantam, 1994"
1995,Best Novel,5,Towing Jehovah,James Morrow,"Harcourt Brace, 1994"
1995,Best Novella,1,“Seven Views of Olduvai Gorge”,Mike Resnick,F&SF Oct/Nov 1994
1995,Best Novella,2,“Les Fleurs du Mal”,Brian Stableford,Asimov’s Oct 1994
1995,Best Novella,3,“Forgiveness Day”,Ursula K. Le Guin,Asimov’s Nov 1994
1995,Best Novella,4,“Cri de Coeur”,Michael Bishop,Asimov’s Sep 1994
1995,Best Novella,5,“Melodies of the Heart”,Michael F. Flynn,Analog Jan 1994
1995,Best Novelette,1,“The Martian Child”,David Gerrold,F&SF Sep 1994
1995,Best Novelette,2,“Cocoon”,Greg Egan,Asimov’s May 1994
1995,Best Novelette,3,“A Little Knowledge”,Mike Resnick,Asimov’s Apr 1994
1995,Best Novelette,4,“Solitude”,Ursula K. Le Guin,F&SF Dec 1994
1995,Best Novelette,5,“The Singular Habits of Wasps”,Geoffrey A. Landis,Analog Apr 1994
1995,Best Novelette,6,“The Matter of Seggri”,Ursula K. Le Guin,Crank #3 Spr 1994
1995,Best Short Story,1,“None So Blind”,Joe Haldeman,Asimov’s Nov 1994
1995,Best Short Story,2,“I Know What You’re Thinking”,Kate Wilhelm,Asimov’s Nov 1994
1995,Best Short Story,3,“Barnaby in Exile”,Mike Resnick,Asimov’s Feb 1994
1995,Best Short Story,4,“Dead Man’s Curve”,Terry Bisson,Asimov’s Jun 1994
1995,Best Short Story,5,“Understanding Entropy”,Barry N. Malzberg,SF Age Jul 1994
1995,Best Short Story,6,“Mrs. Lincoln’s China”,M. Shayne Bell,Asimov’s Jul 1994
1985,Best Novel,1,Neuromancer,William Gibson,"Ace, 1984"
1985,Best Novel,2,Emergence,David R. Palmer,"Bantam, 1984"
1985,Best Novel,3,The Peace War,Vernor Vinge,"Bluejay, 1984"
1985,Best Novel,4,Job: A Comedy of Justice,Robert A. Heinlein,"Ballantine Del Rey, 1984"
1985,Best Novel,5,The Integral Trees,Larry Niven,"Ballantine Del Rey, 1984"
1985,Best Novella,1,“Press Enter []”,John Varley,Asimov’s May 1984
1985,Best Novella,2,“Cyclops”,David Brin,Asimov’s Mar 1984
1985,Best Novella,3,“Valentina”,Joseph H. Delaney And Marc Stiegler,Analog May 1984
1985,Best Novella,4,“Summer Solstice”,Charles L. Harness,Analog Jun 1984
1985,Best Novella,5,“Elemental”,Geoffrey A. Landis,Analog Dec 1984
1985,Best Novelette,1,“Bloodchild”,Octavia E. Butler,Asimov’s Jun 1984
1985,Best Novelette,2,“The Man Who Painted the Dragon Griaule”,Lucius Shepard,F&SF Dec 1984
1985,Best Novelette,3,“Return to the Fold”,Timothy Zahn,Analog Sep 1984
1985,Best Novelette,4,“Blued Moon”,Connie Willis,Asimov’s Jan 1984
1985,Best Novelette,5,“Silicon Muse”,Hilbert Schenck,Analog Sep 1984
1985,Best Novelette,6,“The Weigher”,Eric Vinicoff And Marcia Martin,Analog Oct 1984
1985,Best Novelette,7,“The Lucky Strike”,Kim Stanley Robinson,"Universe 14, 1984"
1985,Best Short Story,1,“The Crystal Spheres”,David Brin,Analog Jan 1984
1985,Best Short Story,2,"“The Aliens Who Knew, I Mean, Everything”",George Alec Effinger,F&SF Oct 1984
1985,Best Short Story,3,“Symphony for a Lost Traveler”,Lee Killough,Analog Mar 1984
1985,Best Short Story,4,“Salvador”,Lucius Shepard,F&SF Apr 1984
1985,Best Short Story,5,“Ridge Running”,Kim Stanley Robinson,F&SF Jan 1984
1985,Best Short Story,6,“Rory”,Steven Gould,Analog Apr 1984
1994,Best Novel,1,Green Mars,Kim Stanley Robinson,"HarperCollins UK, 1993; Bantam Spectra, 1993"
1994,Best Novel,2,Moving Mars,Greg Bear,"Tor, 1993"
1994,Best Novel,3,Beggars in Spain,Nancy Kress,"Morrow AvoNova, 1993"
1994,Best Novel,4,Glory Season,David Brin,"Bantam Spectra, 1993"
1994,Best Novel,5,Virtual Light,William Gibson,"Bantam Spectra, 1993"
1994,Best Novella,1,“Down in the Bottomlands”,Harry Turtledove,Analog Jan 1993
1994,Best Novella,2,"“Wall, Stone, Craft”",Walter Jon Williams,"F&SF Oct/Nov 1993; Axolotl, 1993"
1994,Best Novella,3,“Into the Miranda Rift”,G. David Nordley,Analog Jul 1993
1994,Best Novella,4,“The Night We Buried Road Dog”,Jack Cady,F&SF Jan 1993
1994,Best Novella,5,“An American Childhood”,Pat Murphy,Asimov’s Apr 1993
1994,Best Novella,6,“Mefisto in Onyx”,Harlan Ellison,"Omni Oct 1993; Ziesing, 1993"
1994,Best Novelette,1,“Georgia on My Mind”,Charles Sheffield,Analog Jan 1993
1994,Best Novelette,2,“Dancing on Air”,Nancy Kress,Asimov’s Jul 1993
1994,Best Novelette,3,“The Shadow Knows”,Terry Bisson,Asimov’s Sep 1993
1994,Best Novelette,4,“Deep Eddy”,Bruce Sterling,Asimov’s Aug 1993
1994,Best Novelette,5,“The Franchise”,John Kessel,Asimov’s Aug 1993
1994,Best Short Story,1,“Death on the Nile”,Connie Willis,Asimov’s Mar 1993
1994,Best Short Story,2,“Mwalimu in the Squared Circle”,Mike Resnick,Asimov’s Mar 1993
1994,Best Short Story,3,“The Story So Far”,Martha Soukup,"Full Spectrum #4, 1993"
1994,Best Short Story,4,“The Good Pup”,Bridget Mckenna,F&SF Mar 1993
1994,Best Short Story,5,“England Underway”,Terry Bisson,Omni Jul 1993
1993,Best Novel,1,A Fire Upon the Deep,Vernor Vinge,"Tor, 1992"
1993,Best Novel,2,Doomsday Book,Connie Willis,"Bantam Spectra, 1992"
1993,Best Novel,3,Red Mars,Kim Stanley Robinson,"HarperCollins UK, 1992; Bantam Spectra, 1993"
1993,Best Novel,4,China Mountain Zhang,Maureen F. Mchugh,"Tor, 1992"
1993,Best Novel,5,Steel Beach,John Varley,"Ace/Putnam, 1992"
1993,Best Novella,1,“Barnacle Bill the Spacer”,Lucius Shepard,Asimov’s Jul 1992
1993,Best Novella,2,“Stopping at Slowyear”,Frederik Pohl,"Pulphouse/Axolotl, 1992; Bantam Spectra, 1992"
1993,Best Novella,3,“Protection”,Maureen F. Mchugh,Asimov’s Apr 1992
1993,Best Novella,4,“Uh-Oh City”,Jonathan Carroll,F&SF Jun 1992
1993,Best Novella,5,“The Territory”,Bradley Denton,F&SF Jul 1992
1993,Best Novelette,1,“The Nutcracker Coup”,Janet Kagan,Asimov’s Dec 1992
1993,Best Novelette,2,“Danny Goes to Mars”,Pamela Sargent,Asimov’s Oct 1992
1993,Best Novelette,3,“True Faces”,Pat Cadigan,F&SF Apr 1992
1993,Best Novelette,4,“Suppose They Gave a Peace…”,Susan Shwartz,"Alternate Presidents (Tor), 1992"
1993,Best Novelette,5,“In the Stone House”,Barry N. Malzberg,"Alternate Kennedys (Tor), 1992"
1993,Best Short Story,1,“Even the Queen”,Connie Willis,Asimov’s Apr 1992
1993,Best Short Story,2,“The Mountain to Mohammed”,Nancy Kress,Asimov’s Apr 1992
1993,Best Short Story,3,“The Lotus and the Spear”,Mike Resnick,Asimov’s Aug 1992
1993,Best Short Story,4,“The Arbitrary Placement of Walls”,Martha Soukup,Asimov’s Apr 1992
1993,Best Short Story,5,“The Winterberry”,Nicholas A. Dichario,"Alternate Kennedys (Tor), 1992"
1992,Best Novel,1,Barrayar,Lois Mcmaster Bujold,"Analog Jul,Aug,Sep,Oct 1991; Baen, 1991"
1992,Best Novel,2,Bone Dance,Emma Bull,"Ace, 1991"
1992,Best Novel,3,All the Weyrs of Pern,Anne Mccaffrey,"Ballantine Del Rey, 1991"
1992,Best Novel,4,The Summer Queen,Joan D. Vinge,"Warner Questar, 1991"
1992,Best Novel,5,Xenocide,Orson Scott Card,"Tor, 1991"
1992,Best Novel,6,Stations of the Tide,Michael Swanwick,"Asimov’s mid-Dec 1990,Jan 1991; Morrow, 1991"
1992,Best Novella,1,“Beggars in Spain”,Nancy Kress,"Asimov’s Apr 1991; Axolotl, 1991"
1992,Best Novella,2,“The Gallery of His Dreams”,Kristine Kathryn Rusch,"Pulphouse/Axolotl, 1991; Asimov’s Sep 1991"
1992,Best Novella,3,“Jack”,Connie Willis,Asimov’s Oct 1991
1992,Best Novella,4,“Griffin’s Egg”,Michael Swanwick,"Legend, 1991; St. Martin’s, 1991"
1992,Best Novella,5,“And Wild for to Hold”,Nancy Kress,Asimov’s Jul 1991
1992,Best Novelette,1,“Gold”,Isaac Asimov,Analog Sep 1991
1992,Best Novelette,2,“Dispatches from the Revolution”,Pat Cadigan,Asimov’s Jul 1991
1992,Best Novelette,3,“Miracle”,Connie Willis,Asimov’s Dec 1991
1992,Best Novelette,4,“Fin de Cyclé”,Howard Waldrop,"Night of the Cooters: More Neat Stories, 1990; Asimov’s mid-Dec 1991"
1992,Best Novelette,5,“Understand”,Ted Chiang,Asimov’s Aug 1991
1992,Best Short Story,1,“A Walk in the Sun”,Geoffrey A. Landis,Asimov’s Oct 1991
1992,Best Short Story,2,"“One Perfect Morning, with Jackals”",Mike Resnick,Asimov’s Mar 1991
1992,Best Short Story,3,“In the Late Cretaceous”,Connie Willis,Asimov’s mid-Dec 1991
1992,Best Short Story,4,“Winter Solstice”,Mike Resnick,F&SF Oct/Nov 1991
1992,Best Short Story,5,“Press Ann”,Terry Bisson,Asimov’s Aug 1991
1992,Best Short Story,6,“Buffalo”,John Kessel,"Fires of the Past, 1991; F&SF Jan 1991"
1992,Best Short Story,7,“Dog’s Life”,Martha Soukup,Amazing Mar 1991
1991,Best Novel,1,The Vor Game,Lois Mcmaster Bujold,"Baen, 1990"
1991,Best Novel,2,Earth,David Brin,"Bantam Spectra, 1990"
1991,Best Novel,3,The Fall of Hyperion,Dan Simmons,"Doubleday Foundation, 1990"
1991,Best Novel,4,The Quiet Pools,Michael P. Kube-Mcdowell,"Ace, 1990"
1991,Best Novel,5,Queen of Angels,Greg Bear,"Warner Questar, 1990"
1991,Best Novella,1,“The Hemingway Hoax”,Joe Haldeman,Asimov’s Apr 1990
1991,Best Novella,2,“Bully!”,Mike Resnick,Asimov’s May 1990
1991,Best Novella,3,"“A Short, Sharp Shock”",Kim Stanley Robinson,"Ziesing, 1990; Asimov’s Nov 1990"
1991,Best Novella,4,“Bones”,Pat Murphy,Asimov’s May 1990
1991,Best Novella,5,“Fool to Believe”,Pat Cadigan,Asimov’s Apr 1990
1991,Best Novelette,1,“The Manamouki”,Mike Resnick,Asimov’s Jul 1990
1991,Best Novelette,2,“A Braver Thing”,Charles Sheffield,Asimov’s Feb 1990
1991,Best Novelette,3,“Tower of Babylon”,Ted Chiang,Omni Nov 1990
1991,Best Novelette,4,"“The Coon Rolled Down and Ruptured His Larinks, A Squeezed Novel",Dafydd Ab Hugh,Asimov’s Aug 1990
1991,Best Novelette,5,“Over the Long Haul”,Martha Soukup,Amazing Mar 1990
1991,Best Short Story,1,“Bears Discover Fire”,Terry Bisson,Asimov’s Aug 1990
1991,Best Short Story,2,“Cibola”,Connie Willis,Asimov’s Dec 1990
1991,Best Short Story,3,“Godspeed”,Charles Sheffield,Analog Jul 1990
1991,Best Short Story,4,“The Utility Man”,Robert Reed,Asimov’s Nov 1990
1991,Best Short Story,5,“VRM-547”,W. R. Thompson,Analog Feb 1990
1990,Best Novel,1,Hyperion,Dan Simmons,"Doubleday Foundation, 1989"
1990,Best Novel,2,A Fire in the Sun,George Alec Effinger,"Doubleday Foundation, 1989"
1990,Best Novel,3,Prentice Alvin,Orson Scott Card,"Tor, 1989"
1990,Best Novel,4,The Boat of a Million Years,Poul Anderson,"Tor, 1989"
1990,Best Novel,5,Grass,Sheri S. Tepper,"Doubleday Foundation, 1989"
1990,Best Novella,1,“The Mountains of Mourning”,Lois Mcmaster Bujold,Analog May 1989
1990,Best Novella,2,“The Father of Stones”,Lucius Shepard,"WSFA Press, 1989; Asimov’s Sep 1989"
1990,Best Novella,3,“A Touch of Lavender”,Megan Lindholm,Asimov’s Nov 1989
1990,Best Novella,4,“Time Out”,Connie Willis,Asimov’s Jul 1989
1990,Best Novella,5,“Tiny Tango”,Judith Moffett,Asimov’s Feb 1989
1990,Best Novelette,1,“Enter a Soldier. Later: Enter Another”,Robert Silverberg,"Asimov’s Jun 1989; Time Gate, 1989"
1990,Best Novelette,2,“For I Have Touched the Sky”,Mike Resnick,F&SF Dec 1989
1990,Best Novelette,3,“Everything But Honor”,George Alec Effinger,Asimov’s Feb 1989
1990,Best Novelette,4,“At the Rialto”,Connie Willis,"The Microverse, 1989; Omni Oct 1989"
1990,Best Novelette,5,“The Price of Oranges”,Nancy Kress,Asimov’s Apr 1989
1990,Best Novelette,6,“Dogwalker”,Orson Scott Card,Asimov’s Nov 1989
1990,Best Short Story,1,“Boobs”,Suzy Mckee Charnas,Asimov’s Jul 1989
1990,Best Short Story,2,“Lost Boys”,Orson Scott Card,F&SF Oct 1989
1990,Best Short Story,3,“Computer Friendly”,Eileen Gunn,Asimov’s Jun 1989
1990,Best Short Story,4,“The Return of William Proxmire”,Larry Niven,"What Might Have Been? Vol. 1: Alternate Empires, 1989"
1990,Best Short Story,5,“The Edge of the World”,Michael Swanwick,"Full Spectrum #2, 1989"
1990,Best Short Story,6,“Dori Bangs”,Bruce Sterling,Asimov’s Sep 1989
1989,Best Novel,1,Cyteen,C. J. Cherryh,"Warner, 1988"
1989,Best Novel,2,Red Prophet,Orson Scott Card,"Tor, 1988"
1989,Best Novel,3,Falling Free,Lois Mcmaster Bujold,"Analog Dec,mid-Dec 1987,Jan,Feb 1988; Baen, 1988"
1989,Best Novel,4,Islands in the Net,Bruce Sterling,"Morrow/Arbor House, 1988"
1989,Best Novel,5,Mona Lisa Overdrive,William Gibson,"Gollancz, 1988; Bantam Spectra, 1988"
1989,Best Novella,1,“The Last of the Winnebagos”,Connie Willis,Asimov’s Jul 1988
1989,Best Novella,2,“The Scalehunter’s Beautiful Daughter”,Lucius Shepard,"Ziesing, 1988; Asimov’s Sep 1988"
1989,Best Novella,3,“Journals of the Plague Years”,Norman Spinrad,"Full Spectrum (Doubleday), 1988"
1989,Best Novella,4,“The Calvin Coolidge Home for Dead Comedians”,Bradley Denton,F&SF Jun 1988
1989,Best Novella,5,“Surfacing”,Walter Jon Williams,Asimov’s Apr 1988
1989,Best Novelette,1,“Schrödinger’s Kitten”,George Alec Effinger,Omni Sep 1988
1989,Best Novelette,2,“Peaches for Mad Molly”,Steven Gould,Analog Feb 1988
1989,Best Novelette,3,"“Do Ya, Do Ya, Wanna Dance”",Howard Waldrop,Asimov’s Aug 1988
1989,Best Novelette,4,“The Function of Dream Sleep”,Harlan Ellison,Midnight Graffiti Jun 1988; Asimov’s mid-Dec 1988
1989,Best Novelette,5,“Ginny Sweethips’ Flying Circus”,"Neal Barrett, Jr. ",Asimov’s Feb 1988
1989,Best Short Story,1,“Kirinyaga”,Mike Resnick,F&SF Nov 1988
1989,Best Short Story,2,“The Giving Plague”,David Brin,"Interzone #23 Spr 1988; Full Spectrum #2 (Doubleday), 1988"
1989,Best Short Story,3,“Ripples in the Dirac Sea”,Geoffrey A. Landis,Asimov’s Oct 1988
1989,Best Short Story,4,“Our Neural Chernobyl”,Bruce Sterling,F&SF Jun 1988
1989,Best Short Story,5,“Stable Strategies for Middle Management”,Eileen Gunn,Asimov’s Jun 1988
1989,Best Short Story,6,“The Fort Moxie Branch”,Jack Mcdevitt,"Full Spectrum (Doubleday), 1988"
1988,Best Novel,1,The Uplift War,David Brin,"Phantasia, 1987; Bantam Spectra, 1987"
1988,Best Novel,2,When Gravity Fails,George Alec Effinger,"Arbor House, 1987; Bantam Spectra, 1987"
1988,Best Novel,3,Seventh Son,Orson Scott Card,"Tor, 1987"
1988,Best Novel,4,The Forge of God,Greg Bear,"Tor, 1987"
1988,Best Novel,5,The Urth of the New Sun,Gene Wolfe,"Tor, 1987"
1988,Best Novella,1,“Eye for Eye”,Orson Scott Card,Asimov’s Mar 1987
1988,Best Novella,2,“The Secret Sharer”,Robert Silverberg,Asimov’s Sep 1987
1988,Best Novella,3,“The Blind Geometer”,Kim Stanley Robinson,Asimov’s Aug 1987
1988,Best Novella,4,“Mother Goddess of the World”,Kim Stanley Robinson,Asimov’s Oct 1987
1988,Best Novella,5,“The Forest of Time”,Michael Flynn,Analog Jun 1987
1988,Best Novelette,1,"“Buffalo Gals, Won’t You Come Out Tonight”",Ursula K. Le Guin,"F&SF Nov 1987; Buffalo Gals and Other Animal Presences, 1987"
1988,Best Novelette,2,“Rachel in Love”,Pat Murphy,Asimov’s Apr 1987
1988,Best Novelette,3,“Dinosaurs”,Walter Jon Williams,Asimov’s Jun 1987
1988,Best Novelette,4,“Flowers of Edo”,Bruce Sterling,Asimov’s May 1987
1988,Best Novelette,5,“Dream Baby”,Bruce Mcallister,"Asimov’s Oct 1987; In the Field of Fire, 1987"
1988,Best Short Story,1,“Why I Left Harry’s All-Night Hamburgers”,Lawrence Watt-Evans,Asimov’s Jul 1987
1988,Best Short Story,2,"“Forever Yours, Anna”",Kate Wilhelm,Omni Jul 1987
1988,Best Short Story,3,“Angel”,Pat Cadigan,Asimov’s May 1987
1988,Best Short Story,4,“Night of the Cooters”,Howard Waldrop,Omni Apr 1987
1988,Best Short Story,5,“The Faithful Companion at Forty”,Karen Joy Fowler,Asimov’s Jul 1987
1988,Best Short Story,6,“Cassandra’s Photographs”,Lisa Goldstein,Asimov’s Aug 1987
1987,Best Novel,1,Speaker for the Dead,Orson Scott Card,"Tor, 1986"
1987,Best Novel,2,The Ragged Astronauts,Bob Shaw,"Gollancz, 1986; Baen, 1986"
1987,Best Novel,3,Count Zero,William Gibson,"Asimov’s Jan,Feb,Mar 1986; Gollancz, 1986"
1987,Best Novel,4,Marooned in Realtime,Vernor Vinge,"Analog May,Jun,Jul,Aug 1986; Bluejay, 1986"
1987,Best Novel,5,Black Genesis,L. Ron Hubbard,"Bridge, 1986; New Era, 1986"
1987,Best Novella,1,“Gilgamesh in the Outback”,Robert Silverberg,"Asimov’s Jul 1986; Rebels in Hell, 1986"
1987,Best Novella,2,“Escape from Kathmandu”,Kim Stanley Robinson,Asimov’s Sep 1986
1987,Best Novella,3,“R & R”,Lucius Shepard,Asimov’s Apr 1986
1987,Best Novella,4,“Spice Pogrom”,Connie Willis,Asimov’s Oct 1986
1987,Best Novella,5,“Eifelheim”,Michael F. Flynn,Analog Nov 1986
1987,Best Novelette,1,“Permafrost”,Roger Zelazny,Omni Apr 1986
1987,Best Novelette,2,“Thor Meets Captain America”,David Brin,F&SF Jul 1986
1987,Best Novelette,3,“The Winter Market”,William Gibson,Stardate Mar/Apr 1986; Interzone #15 Spr 1986
1987,Best Novelette,4,“Hatrack River”,Orson Scott Card,Asimov’s Aug 1986
1987,Best Novelette,5,“The Barbarian Princess”,Vernor Vinge,Analog Sep 1986
1987,Best Short Story,1,“Tangents”,Greg Bear,Omni Jan 1986
1987,Best Short Story,2,“Robot Dreams”,Isaac Asimov,"Robot Dreams, 1986; Asimov’s mid-Dec 1986"
1987,Best Short Story,3,“The Boy Who Plaited Manes”,Nancy Springer,F&SF Oct 1986
1987,Best Short Story,4,“Still Life”,David S. Garnett,F&SF Mar 1986
1987,Best Short Story,5,“Rat”,James Patrick Kelly,F&SF Jun 1986
1986,Best Novel,1,Ender’s Game,Orson Scott Card,"Tor, 1985"
1986,Best Novel,2,Cuckoo’s Egg,C. J. Cherryh,"Phantasia, 1985; DAW, 1985"
1986,Best Novel,3,The Postman,David Brin,"Bantam Spectra, 1985"
1986,Best Novel,4,Footfall,Larry Niven And Jerry Pournelle,"Ballantine Del Rey, 1985"
1986,Best Novel,5,Blood Music,Greg Bear,"Arbor House, 1985"
1986,Best Novella,1,“24 Views of Mt. Fuji,Roger Zelazny,Asimov’s Jul 1985
1986,Best Novella,2,“Sailing to Byzantium”,Robert Silverberg,Asimov’s Feb 1985
1986,Best Novella,3,“The Only Neat Thing to Do”,"James Tiptree, Jr. ",F&SF Oct 1985
1986,Best Novella,4,“Green Mars”,Kim Stanley Robinson,Asimov’s Sep 1985
1986,Best Novella,5,“The Scapegoat”,C. J. Cherryh,"Alien Stars, 1985"
1986,Best Novelette,1,“Paladin of the Lost Hour”,Harlan Ellison,"Universe 15, 1985; Twilight Zone Dec 1985"
1986,Best Novelette,2,“Portraits of His Children”,George R. R. Martin,Asimov’s Nov 1985
1986,Best Novelette,3,“The Fringe”,Orson Scott Card,F&SF Oct 1985
1986,Best Novelette,4,“A Gift from the Graylanders”,Michael Bishop,Asimov’s Sep 1985
1986,Best Novelette,5,“Dogfight”,Michael Swanwick And William Gibson,Omni Jul 1985
1986,Best Short Story,1,“Fermi and Frost”,Frederik Pohl,Asimov’s Jan 1985
1986,Best Short Story,2,“Flying Saucer Rock & Roll”,Howard Waldrop,Omni Jan 1985
1986,Best Short Story,3,“Snow”,John Crowley,Omni Nov 1985
1986,Best Short Story,4,“Dinner in Audoghast”,Bruce Sterling,Asimov’s May 1985
1986,Best Short Story,5,“Hong’s Bluff”,William F. Wu,Omni Mar 1985
1984,Best Novel,1,Startide Rising,David Brin,"Bantam, 1983"
1984,Best Novel,2,Tea with the Black Dragon,R. A. Macavoy,"Bantam, 1983"
1984,Best Novel,3,Millennium,John Varley,"Berkley, 1983"
1984,Best Novel,4,Moreta: Dragonlady of Pern,Anne Mccaffrey,"Ballantine Del Rey, 1983"
1984,Best Novel,5,The Robots of Dawn,Isaac Asimov,"Doubleday, 1983"
1984,Best Novella,1,“Cascade Point”,Timothy Zahn,Analog Dec 1983
1984,Best Novella,2,“Hardfought”,Greg Bear,Asimov’s Feb 1983
1984,Best Novella,3,“In the Face of My Enemy”,Joseph H. Delaney,Analog Apr 1983
1984,Best Novella,4,“Seeking”,David R. Palmer,Analog Feb 1983
1984,Best Novella,5,“Hurricane Claude”,Hilbert Schenck,F&SF Apr 1983
1984,Best Novelette,1,“Blood Music”,Greg Bear,Analog Jun 1983
1984,Best Novelette,2,“The Monkey Treatment”,George R. R. Martin,F&SF Jul 1983
1984,Best Novelette,3,“The Sidon in the Mirror”,Connie Willis,Asimov’s Apr 1983
1984,Best Novelette,4,“Slow Birds”,Ian Watson,F&SF Jun 1983
1984,Best Novelette,5,“Black Air”,Kim Stanley Robinson,F&SF Mar 1983
1984,Best Short Story,1,“Speech Sounds”,Octavia E. Butler,Asimov’s mid-Dec 1983
1984,Best Short Story,2,“Servant of the People”,Frederik Pohl,Analog Feb 1983
1984,Best Short Story,3,“The Geometry of Narrative”,Hilbert Schenck,Analog Aug 1983
1984,Best Short Story,4,“The Peacemaker”,Gardner Dozois,Asimov’s Aug 1983
1984,Best Short Story,5,“Wong’s Lost and Found Emporium”,William F. Wu,Amazing May 1983
1983,Best Novel,1,Foundation’s Edge,Isaac Asimov,"Doubleday, 1982"
1983,Best Novel,2,The Pride of Chanur,C. J. Cherryh,"DAW, 1982"
1983,Best Novel,3,2010: Odyssey Two,Arthur C. Clarke,"Ballantine Del Rey, 1982"
1983,Best Novel,4,Friday,Robert A. Heinlein,"Holt, Rinehart & Winston, 1982"
1983,Best Novel,5,Courtship Rite,Donald Kingsbury,"Timescape, 1982"
1983,Best Novel,6,The Sword of the Lictor,Gene Wolfe,"Timescape, 1982"
1983,Best Novella,1,“Souls”,Joanna Russ,F&SF Jan 1982
1983,Best Novella,2,“The Postman”,David Brin,Asimov’s Nov 1982
1983,Best Novella,3,“Unsound Variations”,George R. R. Martin,Amazing Jan 1982
1983,Best Novella,4,“Brainchild”,Joseph H. Delaney,Analog Jun 1982
1983,Best Novella,5,“To Leave a Mark”,Kim Stanley Robinson,F&SF Nov 1982
1983,Best Novella,6,“Another Orphan”,John Kessel,F&SF Sep 1982
1983,Best Novelette,1,“Fire Watch”,Connie Willis,Asimov’s Feb 1982
1983,Best Novelette,2,“Nightlife”,Phyllis Eisenstein,F&SF Feb 1982
1983,Best Novelette,3,“Pawn’s Gambit”,Timothy Zahn,Analog Mar 1982
1983,Best Novelette,4,“Aquila”,Somtow Sucharitkul,Asimov’s Jan 1982
1983,Best Novelette,5,“Swarm”,Bruce Sterling,F&SF Apr 1982
1983,Best Short Story,1,“Melancholy Elephants”,Spider Robinson,Analog Jun 1982
1983,Best Short Story,2,“Sur”,Ursula K. Le Guin,"The New Yorker Feb 1 1982; The Compass Rose, 1982"
1983,Best Short Story,3,“The Boy Who Waterskied to Forever”,"James Tiptree, Jr. ",F&SF Oct 1982
1983,Best Short Story,4,“Spider Rose”,Bruce Sterling,F&SF Aug 1982
1983,Best Short Story,5,“Ike at the Mike”,Howard Waldrop,Omni Jun 1982
1982,Best Novel,1,Downbelow Station,C. J. Cherryh,"DAW, 1981"
1982,Best Novel,2,The Claw of the Conciliator,Gene Wolfe,"Timescape, 1981"
1982,Best Novel,3,The Many-Colored Land,Julian May,"Houghton Mifflin, 1981"
1982,Best Novel,4,Project Pope,Clifford D. Simak,"Ballantine Del Rey, 1981"
1982,Best Novel,5,"Little, Big",John Crowley,"Bantam, 1981"
1982,Best Novella,1,“The Saturn Game”,Poul Anderson,Analog Feb 1981
1982,Best Novella,2,“In the Western Tradition”,Phyllis Eisenstein,F&SF Mar 1981
1982,Best Novella,3,“Blue Champagne”,John Varley,"New Voices #4, 1981"
1982,Best Novella,4,"“With Thimbles, with Forks, and Hope”",Kate Wilhelm,Asimov’s Nov 1981
1982,Best Novella,5,“True Names”,Vernor Vinge,"Binary Star #5, 1981"
1982,Best Novella,6,“Emergence”,David R. Palmer,Analog Jan 1981
1982,Best Novelette,1,“Unicorn Variation”,Roger Zelazny,Asimov’s Apr 1981
1982,Best Novelette,2,“Guardians”,George R. R. Martin,Analog Oct 1981
1982,Best Novelette,3,“The Thermals of August”,Edward Bryant,F&SF May 1981
1982,Best Novelette,4,“The Fire When It Comes”,Parke Godwin,F&SF May 1981
1982,Best Novelette,5,“The Quickening”,Michael Bishop,"Universe 11, 1981"
1982,Best Short Story,1,“The Pusher”,John Varley,F&SF Oct 1981
1982,Best Short Story,2,“The Woman the Unicorn Loved”,Gene Wolfe,Asimov’s Jun 1981
1982,Best Short Story,3,“Absent Thee from Felicity Awhile…”,Somtow Sucharitkul,Analog Sep 1981
1982,Best Short Story,4,“The Quiet”,George Florance-Guthridge,F&SF Jul 1981
1981,Best Novel,1,The Snow Queen,Joan D. Vinge,"Dial Press, 1980"
1981,Best Novel,2,Lord Valentine’s Castle,Robert Silverberg,"F&SF Nov,Dec 1979,Jan,Feb 1980; Harper & Row, 1980"
1981,Best Novel,3,The Ringworld Engineers,Larry Niven,"Galileo Jul,Sep,Nov 1979,Jan 1980; Phantasia, 1980"
1981,Best Novel,4,Beyond the Blue Event Horizon,Frederik Pohl,"Ballantine Del Rey, 1980"
1981,Best Novel,5,Wizard,John Varley,"Berkley Putnam, 1980"
1981,Best Novella,1,“Lost Dorsai”,Gordon R. Dickson,Destinies v2 #1 Feb/Mar 1980
1981,Best Novella,2,“One-Wing”,George R. R. Martin And Lisa Tuttle,"Analog Jan,Feb 1980"
1981,Best Novella,3,“Nightflyers”,George R. R. Martin,Analog Apr 1980
1981,Best Novella,4,“The Brave Little Toaster”,Thomas M. Disch,F&SF Aug 1980
1981,Best Novella,5,“All the Lies That Are My Life”,Harlan Ellison,"F&SF Nov 1980; Underwood-Miller, 1980"
1981,Best Novelette,1,“The Cloak and the Staff”,Gordon R. Dickson,Analog Aug 1980
1981,Best Novelette,2,“Savage Planet”,Barry B. Longyear,Analog Feb 1980
1981,Best Novelette,3,“Beatnik Bayou”,John Varley,"New Voices III: The Campbell Award Nominees, 1980"
1981,Best Novelette,4,“The Lordly Ones”,Keith Roberts,F&SF Mar 1980
1981,Best Novelette,5,“The Autopsy”,Michael Shea,F&SF Dec 1980
1981,Best Novelette,6,“The Ugly Chickens”,Howard Waldrop,"Universe 10, 1980; Sci Fiction, scifi.com 2000-05-31"
1981,Best Short Story,1,“Grotto of the Dancing Deer”,Clifford D. Simak,Analog Apr 1980
1981,Best Short Story,2,“Our Lady of the Sauropods”,Robert Silverberg,Omni Sep 1980
1981,Best Short Story,3,“Spidersong”,Susan C. Petrey,F&SF Sep 1980
1981,Best Short Story,4,“Cold Hands”,Jeff Duntemann,Asimov’s Jun 1980
1981,Best Short Story,5,“Guardian”,Jeff Duntemann,Asimov’s Sep 1980
1980,Best Novel,1,The Fountains of Paradise,Arthur C. Clarke,"Gollancz, 1979; Harcourt Brace Jovanovich, 1979"
1980,Best Novel,2,Titan,John Varley,"Analog Jan,Feb,Mar,Apr 1979; Berkley Putnam, 1979"
1980,Best Novel,3,Jem,Frederik Pohl,"St. Martin’s, 1979"
1980,Best Novel,4,Harpist in the Wind,Patricia A. Mckillip,"Atheneum, 1979"
1980,Best Novel,5,On Wings of Song,Thomas M. Disch,"F&SF Feb,Mar,Apr 1979; St. Martin’s, 1979"
1980,Best Novella,1,“Enemy Mine”,Barry B. Longyear,Asimov’s Sep 1979
1980,Best Novella,2,“Songhouse”,Orson Scott Card,Analog Sep 1979
1980,Best Novella,3,“The Moon Goddess and the Son”,Donald Kingsbury,Analog Dec 1979
1980,Best Novella,4,“Ker-Plop”,Ted Reynolds,Asimov’s Jan 1979
1980,Best Novella,5,“The Battle of the Abaco Reefs”,Hilbert Schenck,F&SF Jun 1979
1980,Best Novelette,1,“Sandkings”,George R. R. Martin,Omni Aug 1979
1980,Best Novelette,2,“Homecoming”,Barry B. Longyear,Asimov’s Oct 1979
1980,Best Novelette,3,“The Locusts”,Larry Niven And Steven Barnes,Analog Jun 1979
1980,Best Novelette,4,“Fireflood”,Vonda N. Mcintyre,F&SF Nov 1979
1980,Best Novelette,5,“Options”,John Varley,"Universe 9, 1979"
1980,Best Novelette,6,“Palely Loitering”,Christopher Priest,F&SF Jan 1979
1980,Best Short Story,1,“The Way of Cross and Dragon”,George R. R. Martin,Omni Jun 1979
1980,Best Short Story,2,“Unaccompanied Sonata”,Orson Scott Card,Omni Mar 1979
1980,Best Short Story,3,“Can These Bones Live?”,Ted Reynolds,Analog Mar 1979
1980,Best Short Story,4,“giANTS”,Edward Bryant,Analog Aug 1979
1980,Best Short Story,5,"“Daisy, in the Sun”",Connie Willis,Galileo Nov 1979
1979,Best Novel,1,Dreamsnake,Vonda N. Mcintyre,"Houghton Mifflin, 1978"
1979,Best Novel,2,The White Dragon,Anne Mccaffrey,"Ballantine Del Rey, 1978"
1979,Best Novel,3,The Faded Sun: Kesrith,C. J. Cherryh,"Galaxy Feb,Mar,Apr,May 1978; DAW, 1978"
1979,Best Novel,4,Blind Voices,Tom Reamy,"Berkley Putnam, 1978"
1979,Best Novella,1,“The Persistence of Vision”,John Varley,F&SF Mar 1978
1979,Best Novella,2,“Fireship”,Joan D. Vinge,Analog Dec 1978
1979,Best Novella,3,“The Watched”,Christopher Priest,F&SF Apr 1978
1979,Best Novella,4,“Enemies of the System”,Brian W. Aldiss,F&SF Jun 1978
1979,Best Novella,5,“Seven American Nights”,Gene Wolfe,"Orbit #20, 1978"
1979,Best Novelette,1,“Hunter’s Moon”,Poul Anderson,Analog Nov 1978
1979,Best Novelette,2,“Mikal’s Songbird”,Orson Scott Card,Analog May 1978
1979,Best Novelette,3,“The Man Who Had No Idea”,Thomas M. Disch,F&SF Oct 1978
1979,Best Novelette,4,“Devil You Don’t Know”,Dean Ing,Analog Jan 1978
1979,Best Novelette,5,“The Barbie Murders”,John Varley,Asimov’s Jan/Feb 1978
1979,Best Short Story,1,“Cassandra”,C. J. Cherryh,F&SF Oct 1978
1979,Best Short Story,2,“Count the Clock That Tells the Time”,Harlan Ellison,Omni Dec 1978
1979,Best Short Story,3,“View from a Height”,Joan D. Vinge,"Analog Jun 1978; Sci Fiction, scifi.com 2004-10-06"
1979,Best Short Story,4,“Stone”,Edward Bryant,F&SF Feb 1978
1979,Best Short Story,5,“The Very Slow Time Machine”,Ian Watson,"Anticipations, 1978"
1978,Best Novel,1,Gateway,Frederik Pohl,"Galaxy Nov,Dec 1976,Mar 1977; St. Martin’s, 1977"
1978,Best Novel,2,The Forbidden Tower,Marion Zimmer Bradley,"DAW, 1977"
1978,Best Novel,3,Lucifer’s Hammer,Larry Niven And Jerry Pournelle,"Playboy, 1977"
1978,Best Novel,4,Time Storm,Gordon R. Dickson,"St. Martin’s, 1977"
1978,Best Novel,5,Dying of the Light,George R. R. Martin,"Analog Apr,May,Jun,Jul 1977; Simon & Schuster, 1977"
1978,Best Novella,1,“Stardance”,Spider Robinson And Jeanne Robinson,Analog Mar 1977
1978,Best Novella,2,“In the Hall of the Martian Kings”,John Varley,F&SF Feb 1977
1978,Best Novella,3,“Aztecs”,Vonda N. Mcintyre,"2076: The American Tricentennial, 1977"
1978,Best Novella,4,“A Snark in the Night”,Gregory Benford,F&SF Aug 1977
1978,Best Novella,5,“The Wonderful Secret”,Keith Laumer,"Analog Sep,Oct 1977"
1978,Best Novelette,1,“Eyes of Amber”,Joan D. Vinge,Analog Jun 1977
1978,Best Novelette,2,“Ender’s Game”,Orson Scott Card,Analog Aug 1977
1978,Best Novelette,3,“The Screwfly Solution”,"Raccoona Sheldon (Aka: James Tiptree, Jr. )","Analog Jun 1977; Sci Fiction, scifi.com 2002-10-09"
1978,Best Novelette,4,“Prismatica”,Samuel R. Delany,F&SF Oct 1977
1978,Best Novelette,5,“The Ninth Symphony of Ludwig van Beethoven and Other Lost Songs”,Carter Scholz,"Universe 7, 1977"
1978,Best Short Story,1,“Jeffty Is Five”,Harlan Ellison,F&SF Jul 1977
1978,Best Short Story,2,“Air Raid”,Herb Boehm (Aka: John Varley),Asimov’s Spr 1977
1978,Best Short Story,3,“Dog Day Evening”,Spider Robinson,Analog Oct 1977
1978,Best Short Story,4,“Lauralyn”,Randall Garrett,Analog Apr 1977
1978,Best Short Story,5,“Time-Sharing Angel”,"James Tiptree, Jr. ",F&SF Oct 1977
1977,Best Novel,1,Where Late the Sweet Birds Sang,Kate Wilhelm,"Harper & Row, 1976"
1977,Best Novel,2,Mindbridge,Joe Haldeman,"St. Martin’s, 1976"
1977,Best Novel,3,Children of Dune,Frank Herbert,"Analog Jan,Feb,Mar,Apr 1976; Berkley Putnam, 1976"
1977,Best Novel,4,Man Plus,Frederik Pohl,"F&SF Apr,May,Jun 1976; Random House, 1976"
1977,Best Novel,5,Shadrach in the Furnace,Robert Silverberg,"Analog Aug,Sep,Oct 1976; Bobbs-Merrill, 1976"
1977,Best Novella,1,“By Any Other Name”,Spider Robinson,Analog Nov 1976
1977,Best Novella,2,"“Houston, Houston, Do You Read?”","James Tiptree, Jr. ","Aurora: Beyond Equality (Fawcett), 1976"
1977,Best Novella,3,“The Samurai and the Willows”,Michael Bishop,F&SF Feb 1976
1977,Best Novella,4,“Piper at the Gates of Dawn”,Richard Cowper,F&SF Mar 1976
1977,Best Novelette,1,“The Bicentennial Man”,Isaac Asimov,"Stellar #2, 1976"
1977,Best Novelette,2,“The Diary of the Rose”,Ursula K. Le Guin,"Future Power, 1976"
1977,Best Novelette,3,"“Gotta Sing, Gotta Dance”",John Varley,Galaxy Jul 1976
1977,Best Novelette,4,“The Phantom of Kansas”,John Varley,Galaxy Feb 1976
1977,Best Short Story,1,“Tricentennial”,Joe Haldeman,Analog Jul 1976
1977,Best Short Story,2,“A Crowd of Shadows”,C. L. Grant,F&SF Jun 1976
1977,Best Short Story,3,“I See You”,Damon Knight,F&SF Nov 1976
1977,Best Short Story,4,“Custom Fitting”,James White,"Stellar #2, 1976"
1976,Best Novel,1,The Forever War,Joe Haldeman,"St. Martin’s, 1974"
1976,Best Novel,2,Doorways in the Sand,Roger Zelazny,"Analog Jun,Jul,Aug 1975; Harper & Row, 1976"
1976,Best Novel,3,Inferno,Larry Niven And Jerry Pournelle,"Galaxy Aug,Sep,Oct 1975"
1976,Best Novel,4,The Computer Connection (alt: The Indian Giver),Alfred Bester,"Berkley Putnam, 1975"
1976,Best Novel,5,The Stochastic Man,Robert Silverberg,"F&SF Apr,May,Jun 1975; Harper & Row, 1975"
1976,Best Novella,1,“Home Is the Hangman”,Roger Zelazny,Analog Nov 1975
1976,Best Novella,2,“The Storms of Windhaven”,George R. R. Martin And Lisa Tuttle,Analog May 1975
1976,Best Novella,3,“ARM”,Larry Niven,"Epoch, 1975"
1976,Best Novella,4,“The Silent Eyes of Time”,Algis Budrys,F&SF Nov 1975
1976,Best Novella,5,“The Custodians”,Richard Cowper,F&SF Oct 1975
1976,Best Novelette,1,“The Borderland of Sol”,Larry Niven,Analog Jan 1975
1976,Best Novelette,2,“The New Atlantis”,Ursula K. Le Guin,"The New Atlantis, 1975"
1976,Best Novelette,3,“And Seven Times Never Kill Man”,George R. R. Martin,Analog Jul 1975
1976,Best Novelette,4,“San Diego Lightfoot Sue”,Tom Reamy,F&SF Aug 1975
1976,Best Novelette,5,“Tinker”,Jerry Pournelle,Galaxy Jul 1975
1976,Best Short Story,1,“Catch That Zeppelin!”,Fritz Leiber,F&SF Mar 1975
1976,Best Short Story,2,“Croatoan”,Harlan Ellison,F&SF May 1975
1976,Best Short Story,3,“Child of All Ages”,P. J. Plauger,Analog Mar 1975
1976,Best Short Story,4,“Sail the Tide of Mourning”,Richard A. Lupoff,"New Dimensions #5, 1975"
1976,Best Short Story,5,“Rogue Tomato”,Michael Bishop,"New Dimensions #5, 1975"
1976,Best Short Story,6,“Doing Lennon”,Gregory Benford,Analog Apr 1975
1975,Best Novel,1,The Dispossessed,Ursula K. Le Guin,"Harper & Row, 1974"
1975,Best Novel,2,Fire Time,Poul Anderson,"Doubleday, 1974"
1975,Best Novel,3,"Flow My Tears, the Policeman Said",Philip K. Dick,"Doubleday, 1974"
1975,Best Novel,4,The Mote in God’s Eye,Larry Niven And Jerry Pournelle,"Simon & Schuster, 1974"
1975,Best Novel,5,Inverted World (alt: The Inverted World),Christopher Priest,"Galaxy Dec 1973,Jan,Feb,Mar 1974; Harper & Row, 1974"
1975,Best Novella,1,“A Song for Lya”,George R. R. Martin,Analog Jun 1974
1975,Best Novella,2,“Strangers”,Gardner Dozois,"New Dimensions IV, 1974"
1975,Best Novella,3,“Born with the Dead”,Robert Silverberg,F&SF Apr 1974
1975,Best Novella,4,“Riding the Torch”,Norman Spinrad,"Threads of Time, 1974"
1975,Best Novella,5,“Assault on a City”,Jack Vance,"Universe 4, 1974"
1975,Best Novelette,1,“Adrift Just Off the Islets of Langerhans”,Harlan Ellison,F&SF Oct 1974
1975,Best Novelette,2,“&emdash;That Thou Art Mindful of Him!”,Isaac Asimov,F&SF May 1974
1975,Best Novelette,3,“Midnight,Fritz Leiber,If Aug 1974
1975,Best Novelette,4,“After the Dreamtime”,Richard A. Lupoff,"New Dimensions IV, 1974"
1975,Best Novelette,5,“Extreme Prejudice”,Jerry Pournelle,Analog Jul 1974
1975,Best Novelette,6,“Nix Olympica”,William Walling,Analog Dec 1974
1975,Best Novelette,7,"“A Brother to Dragons, a Companion of Owls”",Kate Wilhelm,"Orbit #14, 1974"
1975,Best Short Story,1,“The Hole Man”,Larry Niven,Analog Jan 1974
1975,Best Short Story,2,“The Four-Hour Fugue”,Alfred Bester,Analog Jun 1974
1975,Best Short Story,3,“Cathadonian Odyssey”,Michael Bishop,F&SF Sep 1974
1975,Best Short Story,4,“The Day Before the Revolution”,Ursula K. Le Guin,Galaxy Aug 1974
1975,Best Short Story,5,“Schwartz Between the Galaxies”,Robert Silverberg,"Stellar #1, 1974"
1974,Best Novel,1,Rendezvous With Rama,Arthur C. Clarke,"Galaxy Sep,Oct 1973; Harcourt Brace Jovanovich, 1973"
1974,Best Novel,2,Time Enough for Love,Robert A. Heinlein,"Putnam, 1973"
1974,Best Novel,3,Protector,Larry Niven,"Ballantine, 1973"
1974,Best Novel,4,The People of the Wind,Poul Anderson,"Analog Feb,Mar,Apr 1973; Signet, 1973"
1974,Best Novel,5,The Man Who Folded Himself,David Gerrold,"Random House, 1973"
1974,Best Novella,1,“The Girl Who Was Plugged In”,"James Tiptree, Jr. ","New Dimensions #3, 1973"
1974,Best Novella,2,“The Death of Doctor Island”,Gene Wolfe,"Universe 3, 1973"
1974,Best Novella,3,“Death and Designation Among the Asadi”,Michael Bishop,If Feb 1973
1974,Best Novella,4,“The White Otters of Childhood”,Michael Bishop,F&SF Jul 1973
1974,Best Novella,5,“Chains of the Sea”,Gardner Dozois,"Chains of the Sea, 1973"
1974,Best Novelette,1,“The Deathbird”,Harlan Ellison,F&SF Mar 1973
1974,Best Novelette,2,"“Of Mist, and Grass, and Sand”",Vonda N. Mcintyre,Analog Oct 1973
1974,Best Novelette,3,“Love Is the Plan the Plan Is Death”,"James Tiptree, Jr. ","The Alien Condition, 1973"
1974,Best Novelette,4,“The City on the Sand”,George Alec Effinger,F&SF Apr 1973
1974,Best Novelette,5,“He Fell into a Dark Hole”,Jerry Pournelle,Analog Mar 1973
1974,Best Short Story,1,“The Ones Who Walk Away from Omelas”,Ursula K. Le Guin,"New Dimensions #3, 1973"
1974,Best Short Story,2,“With Morning Comes Mistfall”,George R. R. Martin,Analog May 1973
1974,Best Short Story,3,“Construction Shack”,Clifford D. Simak,If Feb 1973
1974,Best Short Story,4,“Wings”,Vonda N. Mcintyre,"The Alien Condition, 1973"
1973,Best Novel,1,The Gods Themselves,Isaac Asimov,"Galaxy Mar/Apr,May/Jun 1972; If Mar/Apr 1972"
1973,Best Novel,2,When Harlie Was One,David Gerrold,"Ballantine, 1972"
1973,Best Novel,3,There Will Be Time,Poul Anderson,"Signet, 1972"
1973,Best Novel,4,The Book of Skulls,Robert Silverberg,"Scribner’s, 1972"
1973,Best Novel,5,Dying Inside,Robert Silverberg,"Galaxy Jul/Aug,Sep/Oct 1972; Scribner’s, 1972"
1973,Best Novel,6,A Choice of Gods,Clifford D. Simak,"Putnam, 1972"
1973,Best Novella,1,“The Word for World is Forest”,Ursula K. Le Guin,"Again, Dangerous Visions, 1972"
1973,Best Novella,2,“The Gold at the Starbow’s End”,Frederik Pohl,Analog Mar 1972
1973,Best Novella,3,“The Fifth Head of Cerberus”,Gene Wolfe,"Orbit #10, 1972"
1973,Best Novella,4,“Hero”,Joe Haldeman,Analog Jun 1972
1973,Best Novella,5,“The Mercenary”,Jerry Pournelle,Analog Jul 1972
1973,Best Novelette,1,“Goat Song”,Poul Anderson,F&SF Feb 1972
1973,Best Novelette,2,“Patron of the Arts”,William Rotsler,"Universe 2, 1972"
1973,Best Novelette,3,“Basilisk”,Harlan Ellison,F&SF Aug 1972
1973,Best Novelette,4,“A Kingdom,Gardner R. Dozois,"Orbit #10, 1972"
1973,Best Novelette,5,“Painwise”,"James Tiptree, Jr. ",F&SF Feb 1972
1973,Best Short Story,1,“Eurema’s Dam”,R. A. Lafferty,"New Dimensions #2, 1972"
1973,Best Short Story,2,“The Meeting”,Frederik Pohl And C. M. Kornbluth,F&SF Nov 1972
1973,Best Short Story,3,“When We Went to See the End of the World”,Robert Silverberg,"Universe 2, 1972"
1973,Best Short Story,4,“And I Awoke and Found Me Here on the Cold Hill’s Side”,"James Tiptree, Jr. ",F&SF Mar 1972
1973,Best Short Story,5,“When It Changed”,Joanna Russ,"Again, Dangerous Visions, 1972; Sci Fiction, scifi.com 2000-11-15"
1972,Best Novel,1,To Your Scattered Bodies Go,Philip José Farmer,"Putnam, 1971"
1972,Best Novel,2,The Lathe of Heaven,Ursula K. Le Guin,"Amazing Mar,May 1971; Scribner’s, 1971"
1972,Best Novel,3,Dragonquest,Anne Mccaffrey,"Ballantine, 1971"
1972,Best Novel,4,Jack of Shadows,Roger Zelazny,"F&SF Jul,Aug 1971; Walker, 1971"
1972,Best Novel,5,A Time of Changes,Robert Silverberg,"Galaxy Mar,Apr,May/Jun 1971; Signet, 1971"
1972,Best Novella,1,“The Queen of Air and Darkness”,Poul Anderson,F&SF Apr 1971
1972,Best Novella,2,“A Meeting with Medusa”,Arthur C. Clarke,Playboy Dec 1971
1972,Best Novella,3,“The Fourth Profession”,Larry Niven,"Quark #4, 1971"
1972,Best Novella,4,“Dread Empire”,John Brunner,Fantastic Apr 1971
1972,Best Novella,5,“A Special Kind of Morning”,Gardner R. Dozois,"New Dimensions #1, 1971"
1972,Best Short Story,1,“Inconstant Moon”,Larry Niven,"All the Myriad Ways, 1971"
1972,Best Short Story,2,“Vaster Than Empires and More Slow”,Ursula K. Le Guin,"New Dimensions #1, 1971"
1972,Best Short Story,3,“The Autumn Land”,Clifford D. Simak,F&SF Oct 1971
1972,Best Short Story,4,“The Bear with the Knot on His Tail”,Stephen Tall (Aka: Compton Crook),F&SF May 1971
1972,Best Short Story,5,“Sky”,R. A. Lafferty,"New Dimensions #1, 1971"
1972,Best Short Story,6,“All the Last Wars at Once”,George Alec Effinger,"Universe 1, 1971"
1971,Best Novel,1,Ringworld,Larry Niven,"Ballantine, 1970"
1971,Best Novel,2,Tau Zero,Poul Anderson,"Doubleday, 1970"
1971,Best Novel,3,Tower of Glass,Robert Silverberg,"Scribner’s, 1970"
1971,Best Novel,4,The Year of the Quiet Sun,Wilson Tucker,"Ace, 1970"
1971,Best Novel,5,Star Light,Hal Clement,"Analog Jun,Jul,Aug,Sep 1970"
1971,Best Novella,1,“Ill Met in Lankhmar”,Fritz Leiber,F&SF Apr 1970
1971,Best Novella,2,“The Thing in the Stone”,Clifford D. Simak,If Mar 1970
1971,Best Novella,3,“The Region Between”,Harlan Ellison,Galaxy Mar 1970
1971,Best Novella,4,“The World Outside”,Robert Silverberg,Galaxy Oct/Nov 1970
1971,Best Novella,5,“Beastchild”,Dean R. Koontz,Venture Aug 1970
1971,Best Short Story,1,“Slow Sculpture”,Theodore Sturgeon,Galaxy Feb 1970
1971,Best Short Story,2,“Continued on Next Rock”,R. A. Lafferty,"Orbit #7, 1970"
1971,Best Short Story,3,“Jean Duprès”,Gordon R. Dickson,"Nova #1, 1970"
1971,Best Short Story,4,“In the Queue”,Keith Laumer,"Orbit #7, 1970"
1971,Best Short Story,5,“Brillo”,Ben Bova And Harlan Ellison,Analog Aug 1970
1970,Best Novel,1,The Left Hand of Darkness,Ursula K. Le Guin,"Ace, 1969"
1970,Best Novel,2,Up the Line,Robert Silverberg,"Ballantine, 1969"
1970,Best Novel,3,Macroscope,Piers Anthony,"Avon, 1969"
1970,Best Novel,4,Slaughterhouse-Five,"Kurt Vonnegut, Jr. ","Delacorte, 1969"
1970,Best Novel,5,Bug Jack Barron,Norman Spinrad,"Avon, 1969"
1970,Best Novella,1,“Ship of Shadows”,Fritz Leiber,F&SF Jul 1969
1970,Best Novella,2,“A Boy and His Dog”,Harlan Ellison,"The Beast that Shouted Love at the Heart of the World, 1969"
1970,Best Novella,3,“We All Die Naked”,James Blish,"Three for Tomorrow, 1969"
1970,Best Novella,4,“Dramatic Mission”,Anne Mccaffrey,Analog Jun 1969
1970,Best Novella,5,“To Jorslem”,Robert Silverberg,Galaxy Feb 1969
1970,Best Short Story,1,“Time Considered as a Helix of Semi-Precious Stones”,Samuel R. Delany,New Worlds Dec 1968
1970,Best Short Story,2,“Passengers”,Robert Silverberg,"Orbit #4, 1968"
1970,Best Short Story,3,“Not Long Before the End”,Larry Niven,F&SF Apr 1969
1970,Best Short Story,4,“Deeper Than the Darkness”,Gregory Benford,F&SF Apr 1969
1970,Best Short Story,5,“Winter’s King”,Ursula K. Le Guin,"Orbit #5, 1969"
1969,Best Novel,1,Stand on Zanzibar,John Brunner,"Doubleday, 1968"
1969,Best Novel,2,Rite of Passage,Alexei Panshin,"Ace, 1968"
1969,Best Novel,3,Nova,Samuel R. Delany,"Doubleday, 1968"
1969,Best Novel,4,Past Master,R. A. Lafferty,"Ace, 1968"
1969,Best Novel,5,The Goblin Reservation,Clifford D. Simak,"Galaxy Apr,Jun 1968; Putnam, 1968"
1969,Best Novella,1,“Nightwings”,Robert Silverberg,Galaxy Sep 1968
1969,Best Novella,2,“Dragonrider”,Anne Mccaffrey,"Analog Dec 1967,Jan 1968"
1969,Best Novella,3,“Lines of Power”,Samuel R. Delany,F&SF May 1968
1969,Best Novella,4,“Hawk Among the Sparrows”,Dean Mclaughlin,Analog Jul 1968
1969,Best Novelette,1,“The Sharing of Flesh”,Poul Anderson,Galaxy Dec 1968
1969,Best Novelette,2,“Total Environment”,Brian W. Aldiss,Galaxy Feb 1968
1969,Best Novelette,3,“Getting Through University”,Piers Anthony,If Aug 1968
1969,Best Novelette,4,“Mother to the World”,Richard Wilson,"Orbit #3, 1968"
1969,Best Short Story,1,“The Beast That Shouted Love at the Heart of the World”,Harlan Ellison,Galaxy Jun 1968
1969,Best Short Story,2,“All the Myriad Ways”,Larry Niven,Galaxy Oct 1968
1969,Best Short Story,3,“The Dance of the Changer and the Three”,Terry Carr,"The Farthest Reaches, 1968; Sci Fiction, scifi.com 2000-11-29"
1969,Best Short Story,4,“The Steiger Effect”,Betsy Curtis,Analog Oct 1968
1969,Best Short Story,5,“Masks”,Damon Knight,Playboy Jul 1968
1968,Best Novel,1,Lord of Light,Roger Zelazny,"Doubleday, 1967"
1968,Best Novel,2,The Einstein Intersection,Samuel R. Delany,"Ace, 1967"
1968,Best Novel,3,Chthon,Piers Anthony,"Ballantine, 1967"
1968,Best Novel,4,The Butterfly Kid,Chester Anderson,"Pyramid, 1967"
1968,Best Novel,5,Thorns,Robert Silverberg,"Ballantine, 1967"
1968,Best Novella,1,“Riders of the Purple Wage”,Philip José Farmer,"Dangerous Visions, 1967"
1968,Best Novella,2,“Weyr Search”,Anne Mccaffrey,Analog Oct 1967
1968,Best Novella,3,“Damnation Alley”,Roger Zelazny,Galaxy Oct 1967
1968,Best Novella,4,“The Star Pit”,Samuel R. Delany,Worlds of Tomorrow Feb 1967
1968,Best Novella,5,“Hawksbill Station”,Robert Silverberg,Galaxy Aug 1967
1968,Best Novelette,1,“Gonna Roll the Bones”,Fritz Leiber,"Dangerous Visions, 1967"
1968,Best Novelette,2,“Wizard’s World”,Andre Norton,If Jun 1967
1968,Best Novelette,3,“Faith of Our Fathers”,Philip K. Dick,"Dangerous Visions, 1967"
1968,Best Novelette,4,“Pretty Maggie Moneyeyes”,Harlan Ellison,Knight May 1967
1968,Best Short Story,1,"“I Have No Mouth, and I Must Scream”",Harlan Ellison,If Mar 1967
1968,Best Short Story,2,“The Jigsaw Man”,Larry Niven,"Dangerous Visions, 1967"
1968,Best Short Story,3,"“Aye, and Gomorrah”",Samuel R. Delany,"Dangerous Visions, 1967; Sci Fiction, scifi.com 2004-07-07"
1967,Best Novel,1,The Moon is a Harsh Mistress,Robert A. Heinlein,"If Dec 1965,Jan,Feb,Mar,Apr 1966; Putnam, 1966"
1967,Best Novel,2,Babel-17,Samuel R. Delany,"Ace, 1966"
1967,Best Novel,3,Too Many Magicians,Randall Garrett,"Analog Aug,Sep,Oct,Nov 1966"
1967,Best Novel,4,Flowers for Algernon,Daniel Keyes,"Harcourt, Brace & World, 1966"
1967,Best Novel,5,The Witches of Karres,James H. Schmitz,"Chilton, 1966"
1967,Best Novel,6,Day of the Minotaur,Thomas Burnett Swann,"Ace, 1966"
1967,Best Novelette,1,“The Last Castle”,Jack Vance,Galaxy Apr 1966
1967,Best Novelette,2,“Call Him Lord”,Gordon R. Dickson,Analog May 1966
1967,Best Novelette,3,“Apology to Inky”,"Robert M. Green, Jr. ",F&SF Jan 1966
1967,Best Novelette,4,“The Alchemist”,Charles L. Harness,Analog May 1966
1967,Best Novelette,5,“An Ornament to His Profession”,Charles L. Harness,Analog Feb 1966
1967,Best Novelette,6,“The Eskimo Invasion”,Hayden Howard,Galaxy Jun 1966
1967,Best Novelette,7,“The Manor of Roses”,Thomas Burnett Swann,F&SF Nov 1966
1967,Best Novelette,8,“For a Breath I Tarry”,Roger Zelazny,Fantastic Sep 1966
1967,Best Novelette,9,“This Moment of the Storm”,Roger Zelazny,F&SF Jun 1966
1967,Best Short Story,1,“Neutron Star”,Larry Niven,If Oct 1966
1967,Best Short Story,2,“Man in His Time”,Brian W. Aldiss,"Who Can Replace a Man?, 1966"
1967,Best Short Story,3,“Delusion for a Dragon Slayer”,Harlan Ellison,Knight Sep 1966
1967,Best Short Story,4,“Rat Race”,Raymond F. Jones,Analog Apr 1966
1967,Best Short Story,5,“The Secret Place”,Richard Mckenna,"Orbit #1, 1966"
1967,Best Short Story,6,“Mr. Jester”,Fred Saberhagen,If Jan 1966
1967,Best Short Story,7,“Light of Other Days”,Bob Shaw,"Analog Aug 1966; Sci Fiction, scifi.com 2001-09-19"
1967,Best Short Story,8,“Comes Now the Power”,Roger Zelazny,Magazine of Horror #14 Win 1966/1967
1966,Best Novel,1,Dune,Frank Herbert,"Chilton, 1965"
1966,Best Novel,2,…And Call Me Conrad (alt: This Immortal),Roger Zelazny,"F&SF Oct,Nov 1965; Ace, 1965"
1966,Best Novel,3,The Squares of the City,John Brunner,"Ballantine, 1965"
1966,Best Novel,4,The Moon is a Harsh Mistress,Robert A. Heinlein,"If Dec 1965,Jan,Feb,Mar,Apr 1966; Putnam, 1966"
1966,Best Novel,5,Skylark DuQuesne,Edward E. Smith,"If Jun,Jul,Aug,Oct 1965"
1965,Best Novel,1,The Wanderer,Fritz Leiber,"Ballantine, 1964"
1965,Best Novel,2,The Whole Man (alt: The Telepathist),John Brunner,"Ballantine, 1964"
1965,Best Novel,3,Davy,Edgar Pangborn,"Ballantine, 1964"
1965,Best Novel,4,The Planet Buyer (alt: The Boy Who Bought Old Earth),Cordwainer Smith,"Pyramid, 1964"
1964,Best Novel,1,Here Gather the Stars (alt: Way Station),Clifford D. Simak,"Galaxy Jun,Aug 1963"
1964,Best Novel,2,Glory Road,Robert A. Heinlein,"F&SF Jul,Aug,Sep 1963; Putnam, 1963"
1964,Best Novel,3,Witch World,Andre Norton,"Ace, 1963"
1964,Best Novel,4,Dune World,Frank Herbert,"Analog Dec 1963,Jan,Feb 1964"
1964,Best Novel,5,Cat’s Cradle,"Kurt Vonnegut, Jr. ","Holt, Rinehart & Winston, 1963"
1963,Best Novel,1,The Man in the High Castle,Philip K. Dick,"Putnam, 1962"
1963,Best Novel,2,Sword of Aldones,Marion Zimmer Bradley,"Ace, 1961"
1963,Best Novel,3,A Fall of Moondust,Arthur C. Clarke,"Harcourt, Brace & World, 1962"
1963,Best Novel,4,Little Fuzzy,H. Beam Piper,"Avon, 1962"
1963,Best Novel,5,Sylva,Vercors,"Putnam, 1961"
1962,Best Novel,1,Stranger in a Strange Land,Robert A. Heinlein,"Putnam, 1961"
1962,Best Novel,2,Dark Universe,Daniel F. Galouye,"Bantam, 1961"
1962,Best Novel,3,Sense of Obligation (alt: Planet of the Damned),Harry Harrison,"Analog Sep,Oct,Nov 1961"
1962,Best Novel,4,The Fisherman (alt: Time Is the Simplest Thing),Clifford D. Simak,"Analog Apr,May,Jun,Jul 1961"
1962,Best Novel,5,Second Ending,James White,"Fantastic Jun,Jul 1961"
1961,Best Novel,1,A Canticle for Leibowitz,"Walter M. Miller, Jr. ","J. B. Lippincott, 1959"
1961,Best Novel,2,The High Crusade,Poul Anderson,"Astounding Jul,Aug,Sep 1960"
1961,Best Novel,3,Rogue Moon,Algis Budrys,F&SF Dec 1960
1961,Best Novel,4,Deathworld,Harry Harrison,"Astounding Jan,Feb,Mar 1960"
1961,Best Novel,5,Venus Plus X,Theodore Sturgeon,"Pyramid, 1960"
1960,Best Novel,1,Starship Troopers (alt: Starship Soldier),Robert A. Heinlein,"F&SF Oct,Nov 1959; Putnam, 1959"
1960,Best Novel,2,Dorsai! (alt: The Genetic General),Gordon R. Dickson,"Astounding May,Jun,Jul 1959"
1960,Best Novel,3,The Pirates of Ersatz (alt: The Pirates of Zan),Murray Leinster,"Astounding Feb,Mar,Apr 1959"
1960,Best Novel,4,That Sweet Little Old Lady (alt: Brain Twister),Mark Phillips (Aka: Randall Garrett And Laurence M. Janifer),"Astounding Sep,Oct 1959"
1960,Best Novel,5,The Sirens of Titan,"Kurt Vonnegut, Jr. ","Dell, 1959"
1959,Best Novel,1,A Case of Conscience,James Blish,"Ballantine, 1958"
1959,Best Novel,2,We Have Fed Our Seas (alt: The Enemy Stars),Poul Anderson,"Astounding Aug,Sep 1958"
1959,Best Novel,3,Who?,Algis Budrys,"Pyramid, 1958"
1959,Best Novel,4,Have Spacesuit – Will Travel,Robert A. Heinlein,"F&SF Aug,Sep,Oct 1958"
1959,Best Novel,5,"Time Killer (alt: Immortality, Inc.)",Robert Sheckley,"Galaxy Oct,Nov,Dec 1958, Feb 1959"
1959,Best Novelette,1,“The Big Front Yard”,Clifford D. Simak,Astounding Oct 1958
1959,Best Novelette,2,“Unwillingly to School”,Pauline Ashwell,Astounding Jan 1958
1959,Best Novelette,3,“Captivity”,Zenna Henderson,F&SF Jun 1958
1959,Best Novelette,4,“Reap the Dark Tide” (alt: “Shark Ship”),C. M. Kornbluth,Vanguard Jun 1958
1959,Best Novelette,5,“A Deskful of Girls”,Fritz Leiber,F&SF Apr 1958
1959,Best Novelette,6,“Second Game”,Katherine Maclean And Charles V. De Vet,Astounding Mar 1958
1959,Best Novelette,7,“Rat in the Skull”,Rog Phillips,If Dec 1958
1959,Best Novelette,8,“The Miracle-Workers”,Jack Vance,Astounding Jul 1958
1959,Best Short Story,1,“That Hell-Bound Train”,Robert Bloch,F&SF Sep 1958
1959,Best Short Story,2,“They’ve Been Working On …”,Anton Lee Baker,Astounding Aug 1958
1959,Best Short Story,3,“The Men Who Murdered Mohammed”,Alfred Bester,F&SF Oct 1958
1959,Best Short Story,4,“Triggerman”,J. F. Bone,Astounding Dec 1958
1959,Best Short Story,5,“The Edge of the Sea”,Algis Budrys,Venture Mar 1958
1959,Best Short Story,6,“The Advent on Channel Twelve”,C. M. Kornbluth,"Star Science Fiction Stories #4 (Ballantine), 1958"
1959,Best Short Story,7,“Theory of Rocketry”,C. M. Kornbluth,F&SF Jul 1958
1959,Best Short Story,8,“Rump-Titty-Titty-Tum-TAH-Tee”,Fritz Leiber,F&SF May 1958
1959,Best Short Story,9,“Space to Swing a Cat”,Stanley Mullen,Astounding Jun 1958
1959,Best Short Story,10,“Nine Yards of Other Cloth”,Manly Wade Wellman,F&SF Nov 1958
1958,Best Short Story,1,“Or All the Seas with Oysters”,Avram Davidson,Galaxy Science Fiction May 1958
1956,Best Novel,1,Double Star,Robert A. Heinlein,"Astounding Feb,Mar,Apr 1956"
1956,Best Novel,2,Call Him Dead,Eric Frank Russell,no publishing information available
1956,Best Novel,3,The End of Eternity,Isaac Asimov,no publishing information available
1956,Best Novel,4,Not this August,Cyril Kornbluth,no publishing information available
1956,Best Novel,5,The Long Tomorrow,Leigh Brackett,no publishing information available
1956,Best Novelette,1,“Exploration Team” (alt: “Combat Team”),Murray Leinster,Astounding Mar 1956
1956,Best Novelette,2,“A Gun for Dinosaur”,L. Sprague De Camp,no publishing information available
1956,Best Novelette,3,“Brightside Crossing”,Alan Nourse,no publishing information available
1956,Best Novelette,4,“Home There’s No Returning”,Henry Kuttner And C. L. Moore,no publishing information available
1956,Best Novelette,5,“Legwork”,Eric Frank Russell,no publishing information available
1956,Best Novelette,6,“The Assistant Self”,F. L. Wallace,no publishing information available
1956,Best Novelette,7,“The End of Summer”,Algis Budrys,no publishing information available
1956,Best Novelette,8,“Who?”,Theodore Sturgeon,no publishing information available
1956,Best Short Story,1,“The Star”,Arthur C. Clarke,Infinity Nov 1955
1956,Best Short Story,2,“End as a World”,F. L. Wallace,no publishing information available
1956,Best Short Story,3,“King of the Hill”,James Blish,no publishing information available
1956,Best Short Story,4,“Nobody Bothers Gus”,Algis Budrys,no publishing information available
1956,Best Short Story,5,“The Game of Rat and Dragon”,Cordwainer Smith,no publishing information available
1956,Best Short Story,6,“The Dragon”,Ray Bradbury,no publishing information available
1956,Best Short Story,7,“Spy Story”,Robert Sheckley,no publishing information available
1956,Best Short Story,8,“Twink”,Theodore Sturgeon,no publishing information available
1955,Best Novel,1,They’d Rather Be Right,Mark Clifton And Frank Riley,"Astounding Aug,Sep,Oct,Nov 1954"
1955,Best Novelette,1,“The Darfsteller”,"Walter M. Miller, Jr. ",Astounding Jan 1955
1955,Best Short Story,1,“Allamagoosa”,Eric Frank Russell,"Astounding May 1955; Sci Fiction, scifi.com 2004-09-15"
1954,Best Novel,1,Fahrenheit 451 (alt: The Fireman),Ray Bradbury,"Ballantine, 1953"
1954,Best Novel,2,Childhood’s End,Arthur C. Clarke,"Ballantine, 1953"
1954,Best Novel,3,Mission of Gravity,Hal Clement,"Astounding Apr,May,Jun,Jul 1953"
1954,Best Novel,4,The Caves of Steel,Isaac Asimov,"Galaxy Oct,Nov,Dec 1953"
1954,Best Novel,5,More Than Human,Theodore Sturgeon,"Farrar, Straus & Grioux, 1953; Ballantine, 1953"
1954,Best Novella,1,“A Case of Conscience”,James Blish,If Sep 1953
1954,Best Novella,2,“Three Hearts and Three Lions”,Poul Anderson,"F&SF Sep,Oct 1953"
1954,Best Novella,3,“…And My Fear Is Great…”,Theodore Sturgeon,Beyond Fantasy Fiction Jul 1953
1954,Best Novella,4,“Un-Man”,Poul Anderson,Astounding Jan 1953
1954,Best Novella,5,“The Rose”,Charles L. Harness,Authentic SF Monthly Mar 1953
1954,Best Novelette,1,"“Earthman, Come Home”",James Blish,Astounding Nov 1953
1954,Best Novelette,2,“Second Variety”,Philip K. Dick,Space Science Fiction May 1953
1954,Best Novelette,3,“The Adventure of the Misplaced Hound”,Poul Anderson And Gordon R. Dickson,Universe Dec 1953
1954,Best Novelette,4,“Sam Hall”,Poul Anderson,Astounding Aug 1953
1954,Best Novelette,5,“The Wall Around the World”,Theodore R. Cogswell,Beyond Fantasy Fiction Sep 1953
1954,Best Short Story,1,“The Nine Billion Names of God”,Arthur C. Clarke,"Star Science Fiction Stories (Ballantine), 1953"
1954,Best Short Story,2,“It’s a Good Life”,Jerome Bixby,"Star Science Fiction Stories #2 (Ballantine), 1953"
1954,Best Short Story,3,"“Star Light, Star Bright”",Alfred Bester,F&SF Jul 1953
1954,Best Short Story,4,“A Saucer of Loneliness”,Theodore Sturgeon,Galaxy Feb 1953
1954,Best Short Story,5,“Seventh Victim”,Robert Sheckley,Galaxy Apr 1953
1953,Best Novel,1,The Demolished Man,Alfred Bester,"Galaxy Jan,Feb,Mar 1952; Shasta, 1951"
1951,Best Novel,1,Farmer in the Sky,Robert A. Heinlein,"Boy’s Life Aug,Sep,Oct,Nov 1950; Scribner’s, 1950"
1951,Best Novel,2,Pebble in the Sky,Isaac Asimov,"Doubleday, 1950"
1951,Best Novel,3,"The Lion, the Witch and the Wardrobe",C. S. Lewis,"Geoffrey Bles, 1950"
1951,Best Novel,4,First Lensman,Edward E. Smith,"Fantasy Press, 1950"
1951,Best Novel,5,The Dying Earth,Jack Vance,"Hillman, 1950"
1951,Best Novella,1,“The Man Who Sold the Moon”,Robert A. Heinlein,"The Man Who Sold the Moon, 1950"
1951,Best Novella,2,“The Dreaming Jewels” (alt: “Synthetic Man”),Theodore Sturgeon,Fantastic Adventures Feb 1950
1951,Best Novella,3,“…And Now You Don’t”,Isaac Asimov,"Astounding Nov,Dec 1949,Jan 1950"
1951,Best Novella,4,“The Last Enemy”,H. Beam Piper,Astounding Aug 1950
1951,Best Novella,5,“To the Stars”,L. Ron Hubbard,"Astounding Feb,Mar 1950"
1951,Best Novelette,1,“The Little Black Bag”,C. M. Kornbluth,Astounding Jul 1950
1951,Best Novelette,2,“Scanners Live in Vain”,Cordwainer Smith,"Fantasy Book #6, 1950"
1951,Best Novelette,3,“The Helping Hand”,Poul Anderson,Astounding May 1950
1951,Best Novelette,4,“Okie”,James Blish,Astounding Apr 1950
1951,Best Novelette,5,“Dear Devil”,Eric Frank Russell,Other Worlds May 1950
1951,Best Short Story,1,“To Serve Man”,Damon Knight,Galaxy Nov 1950
1951,Best Short Story,2,“Coming Attraction”,Fritz Leiber,Galaxy Nov 1950
1951,Best Short Story,3,“Born of Man and Woman”,Richard Matheson,F&SF Sum 1950
1951,Best Short Story,4,“A Subway Named Mobius”,A. J. Deutsch,Astounding Dec 1950
1951,Best Short Story,5,“The Gnurrs Come from the Voodvork Out”,Reginald Bretnor,F&SF Win/Spr 1950
1946,Best Novel,1,The Mule,Isaac Asimov,"Astounding Nov,Dec 1945"
1946,Best Novel,2,The World of Null-A,A. E. Van Vogt,"Astounding Aug,Sep,Oct 1945"
1946,Best Novel,3,That Hideous Strength (alt: The Tortured Planet (1958 US)),C. S. Lewis,"John Lane, 1946"
1946,Best Novel,4,Destiny Times Three,Fritz Leiber,"Astounding Mar,Apr 1945"
1946,Best Novel,5,Red Sun of Danger (alt: Danger Planet),Brett Sterling (Aka: Edmond Hamilton),Startling Spr 1945
1946,Best Novella,1,Animal Farm,George Orwell,"Secker & Warburg, 1946"
1946,Best Novella,2,“The Dead Hand”,Isaac Asimov,Astounding Apr 1945
1946,Best Novella,3,“Giant Killer”,A. Bertram Chandler,Astounding Oct 1945
1946,Best Novella,4,“I Remember Lemuria!”,Richard S. Shaver,Amazing Mar 1945
1946,Best Novelette,1,“First Contact”,Murray Leinster,Astounding May 1945
1946,Best Novelette,2,“Pi in the Sky”,Fredric Brown,Thrilling Wonder Win 1945
1946,Best Novelette,3,“Into Thy Hands”,Lester Del Rey,Astounding Aug 1945
1946,Best Novelette,4,“The Mixed Men” (alt: “Mission to the Stars”),A. E. Van Vogt,Astounding Jan 1945
1946,Best Novelette,5,“The Piper’s Son”,Lewis Padgett (Aka: Henry Kuttner And C. L. Moore),Astounding Feb 1945
1946,Best Short Story,1,“Uncommon Sense”,Hal Clement,Astounding Sep 1945
1946,Best Short Story,2,“The Ethical Equations”,Murray Leinster,Astounding Jun 1945
1946,Best Short Story,3,“The Waveries”,Fredric Brown,Astounding Jan 1945
1946,Best Short Story,4,“What You Need”,Lewis Padgett (Aka: Henry Kuttner And C. L. Moore),Astounding Oct 1945
1946,Best Short Story,5,“Correspondence Course”,Raymond F. Jones,Astounding Apr 1945
1941,Best Novel,1,Slan,A. E. Van Vogt,"Astounding Science‐Fiction, Dec 1940"
1941,Best Novel,2,Gray Lensman,E. E. “Doc” Smith,"Astounding Science‐Fiction, Jan 1940"
1941,Best Novel,3,The Ill‐Made Knight,T. H. White,Collins
1941,Best Novel,4,The Reign of Wizardry,Jack Williamson,"Unknown, Mar 1940"
1941,Best Novel,5,Kallocain,Karin Boye,Bonnier
1941,Best Novella,1,“If This Goes On…”,Robert A. Heinlein,"Astounding Science‐Fiction, Feb 1940"
1941,Best Novella,2,"“Magic, Inc.”",Robert A. Heinlein,"Unknown, Sept 1940"
1941,Best Novella,3,“Coventry”,Robert A. Heinlein,"Astounding Science‐Fiction, July 1940"
1941,Best Novella,4,“The Mathematics of Magic”,L. Sprague De Camp And Fletcher Pratt,"Unknown, Aug 1940"
1941,Best Novella,5,“The Roaring Trumpet”,L. Sprague De Camp And Fletcher Pratt,"Unknown, May 1940"
1941,Best Novelette,1,“The Roads Must Roll”,Robert A. Heinlein,"Astounding Science‐Fiction, June 1940"
1941,Best Novelette,2,“Blowups Happen”,Robert A. Heinlein,"Astounding Science‐Fiction, Sept 1940"
1941,Best Novelette,3,“It!”,Theodore Sturgeon,"Unknown, Aug 1940"
1941,Best Novelette,4,“Farewell to the Master”,Harry Bates,"Astounding Science‐Fiction, Oct 1940"
1941,Best Novelette,5,“Vault of the Beast”,A. E. Van Vogt,"Astounding Science‐Fiction, August 1940"
1941,Best Novelette,6,“Darker Than You Think”,Jack Williamson,"Unknown, Dec 1940"
1941,Best Short Story,1,“Robbie”,Isaac Asimov,"Super Science Stories, Sept 1940"
1941,Best Short Story,2,“Requiem”,Robert A. Heinlein,"Astounding Science‐Fiction, Jan 1940"
1941,Best Short Story,3,“Martian Quest”,Leigh Brackett,"Astounding Science‐Fiction, Feb 1940"
1941,Best Short Story,4,“The Stellar Legion”,Leigh Brackett,"Planet Stories, Winter 1940"
1941,Best Short Story,5,"“Tlön, Uqbar, Orbis Tertius”",Jorge Luis Borges,"Sur, 1940"
1939,Best Novel,1,The Sword in the Stone,The Sword In The Stone,no publishing information available
1939,Best Novella,1,“Who Goes There?”,Don A Stuart [John W. Campbell],"Astounding Science-Fiction, August 1938"
1939,Best Novella,2,“The Time Trap”,Henry Kuttner,"Marvel Science Stories, November 1938"
1939,Best Novella,3,“Sleepers of Mars”,John Beynon [John Wyndham],"Tales of Wonder, March 1938"
1939,Best Novella,4,“A Matter of Form”,H. L. Gold,"Astounding Science-Fiction, December 1938"
1939,Best Novella,5,Anthem,Ayn Rand,Cassell
1939,Best Novelette,1,“Rule 18”,Clifford D. Simak,"Astounding Science-Fiction, July 1938"
1939,Best Novelette,2,“Pigeons From Hell”,Robert E. Howard,"Weird Tales, May 1938"
1939,Best Novelette,3,“Werewoman”,C. L. Moore,"Leaves #2, Winter 1938"
1939,Best Novelette,4,“Hollywood on the Moon”,Henry Kuttner,"Thrilling Wonder Stories, April 1938"
1939,Best Novelette,5,“Dead Knowledge”,Don A. Stuart [John W. Campbell],"Astounding Stories, January 1938"
1939,Best Short Story,1,“How We Went to Mars”,Arthur C. Clarke,"Amateur Science Stories, March 1938"
1939,Best Short Story,2,“Helen O’Loy”,Lester Del Rey,"Astounding Science-Fiction, December 1938"
1939,Best Short Story,3,“Hollerbochen’s Dilemma”,Ray Bradbury,"Imagination!, January 1938"
1939,Best Short Story,4,“Hyperpilosity”,L. Sprague De Camp,"Astounding Science-Fiction, April 1938"
1939,Best Short Story,5,“The Faithful”,Lester Del Rey,"Astounding Science-Fiction, April 1938"
